1821,1850,1854
ABCC3,A2M,ABCA8
ABHD12,AASDH,ABCC3
ABHD3,ABCA2,ABHD3
ABHD5,ABCA5,ABLIM1
ABL2,ABCB1,ABLIM3
ABLIM1,ABCD3,ACLY
ABLIM3,ABCG1,ACP5
ACBD6,ABHD17A,ACPP
ACLY,ABHD3,ACRBP
ACP5,ABI3,ACTC1
ACPP,ABL2,ACTN1
ACRBP,ABLIM1,ACTN4
ACTN1,ABLIM3,ACTR2
ACTN4,ABO,ACTR3
ACTR2,ABTB1,ACYP1
ACTR3,ABTB2,ADAMTS2
ADAMTS2,AC005785.2,ADAMTS9
ADD3,AC009506.1,ADD3
ADGRG6,ACACB,ADGRG6
ADGRL4,ACAP1,ADGRL4
ADIPOR1,ACER3,ADIPOR1
ADPGK,ACLY,ADPGK
AFF1,ACO2,ADRB2
AFG3L1P,ACOT11,AFF1
AGO1,ACP5,AFG3L1P
AGTRAP,ACPP,AGTRAP
AKAP13,ACRBP,AIDA
AKIRIN1,ACSF3,AK4
AKNA,ACSS1,AKAP12
AKT3,ACTN1,AKAP13
ALAS2,ACTN4,AKIRIN1
ALDH1A1,ACTR1B,AKNA
ALOX5AP,ACTR2,AKT3
AMBP,ACTR3,ALAS2
ANK1,ACTR3C,ALCAM
ANK3,ACVRL1,ALKBH5
ANKRD36C,ACYP1,ALOX5AP
ANKRD39,ACYP2,AMBP
ANP32A,ADAM28,ANK1
ANP32B,ADAMTS1,ANK3
ANXA1,ADAMTS18,ANKRD36B
ANXA6,ADAMTS2,ANKRD36C
AOC1,ADAMTS9,ANP32A
AP2A2,ADARB1,ANP32B
AP2M1,ADCY4,ANP32E
APCS,ADCY9,ANXA1
APMAP,ADGRF5,ANXA11
APOC1,ADGRG3,ANXA4
APOL3,ADGRG6,ANXA5
APP,ADGRL4,ANXA6
AQP10,ADIPOR1,AOAH
AQP9,ADPGK,AOC1
ARAP1,ADRA2A,AP1B1
ARC,ADRA2C,AP2M1
ARF1,ADRM1,APLP2
ARF3,AFAP1L2,APMAP
ARF6,AFF1,APOC1
ARG2,AFG3L1P,APOD
ARHGAP25,AFG3L2,APOL3
ARHGAP30,AGA,APP
ARHGAP31,AGAP3,AQP10
ARHGAP45,AGFG2,AQP9
ARHGAP6,AGO1,ARAP1
ARHGDIB,AGO3,ARF1
ARHGEF12,AGPAT1,ARF3
ARID1A,AGPAT3,ARF6
ARL6IP5,AGPAT5,ARG2
ARL6IP6,AGRN,ARHGAP1
ARRB1,AGTRAP,ARHGAP24
ARRB2,AHCYL1,ARHGAP25
ASAH1,AIP,ARHGAP30
ASAP1,AIRE,ARHGAP31
ASCC2,AKAP13,ARHGAP45
ASS1,AKIRIN1,ARHGAP6
ASTE1,AKIRIN2,ARHGDIB
ATF7IP,AKNA,ARHGEF12
ATG10,AKT2,ARHGEF3
ATM,ALAD,ARID1A
ATN1,ALAS2,ARL4C
ATOX1,ALCAM,ARL6IP5
ATP1B1,ALG2,ARRB1
ATP1B3,ALKBH5,ARRB2
ATP2B1,ALKBH6,ASAH1
ATP6AP1,ALOX5,ASAP1
ATP6V0B,ALOX5AP,ASPM
ATP6V1B2,ALPK3,ASS1
ATXN1,ALPL,ATF7IP
ATXN2L,AMBRA1,ATM
AVIL,AMD1,ATN1
AZIN1,AMOTL1,ATOH8
B3GAT3,AMPD2,ATOX1
B4GALNT4,AMZ2P1,ATP1B1
BCAP29,ANG,ATP1B3
BCL2A1,ANGPT2,ATP2B1
BCL2L1,ANK1,ATP6AP1
BCL2L2,ANK3,ATP6V0B
BCL6B,ANKAR,ATP6V1B2
BCL9L,ANKH,ATXN1L
BCYRN1,ANKHD1,ATXN2L
BLK,ANKRA2,AVIL
BMP6,ANKRD13C,AZGP1
BMX,ANKRD26,AZIN1
BPGM,ANKRD28,BCL2A1
BRI3,ANKRD33B,BCL2L1
BSG,ANKRD36C,BCL6B
BST1,ANKRD37,BCYRN1
BTNL9,ANKRD39,BIRC2
C11orf54,ANKS1A,BLVRB
C11orf96,ANKZF1,BMP6
C15orf40,ANO6,BMX
C1GALT1,ANO7,BOLA3
C1QA,ANO9,BORCS5
C1QB,ANP32A,BPGM
C1QC,ANP32B,BRI3
C1orf115,ANXA1,BSG
C1orf35,ANXA11,C11orf54
C1orf56,ANXA3,C11orf96
C6orf106,ANXA4,C12orf76
C6orf222,ANXA6,C15orf39
C6orf226,AOAH,C17orf49
C6orf48,AP1B1,C1QA
C6orf62,AP1M1,C1QB
C9orf16,AP1S2,C1QC
C9orf78,AP2A2,C1orf115
CA1,AP2M1,C1orf131
CA2,AP3S1,C1orf56
CADM2,APBB1IP,C21orf58
CALD1,APEH,C3AR1
CAMTA2,APH1B,C4orf48
CAP1,APLP2,C5AR1
CAPG,APMAP,C5orf56
CAPN2,APOA4,C6orf106
CAPS,APOBEC3C,C6orf120
CAPZB,APOBEC3F,C6orf226
CARD19,APOL3,C6orf48
CASC3,APOLD1,C6orf62
CASZ1,APP,C9orf16
CAT,AQP10,C9orf78
CBL,AQP9,CA1
CBWD5,ARAP1,CA2
CBX6,ARF1,CA4
CCDC14,ARF3,CADM2
CCDC141,ARF5,CALCOCO2
CCDC69,ARF6,CALD1
CCDC84,ARFGAP1,CALR
CCDC85B,ARFIP2,CAMK1
CCL22,ARG2,CAPN2
CCL3,ARHGAP1,CAPS
CCL4L2,ARHGAP17,CAPZB
CCND2,ARHGAP18,CARD19
CCNH,ARHGAP23,CASC3
CCNY,ARHGAP25,CAT
CCR7,ARHGAP27,CBL
CCR9,ARHGAP29,CBX6
CCSER1,ARHGAP30,CCDC107
CD14,ARHGAP31,CCDC14
CD151,ARHGAP35,CCDC170
CD19,ARHGAP4,CCDC69
CD22,ARHGAP45,CCDC88C
CD300LG,ARHGAP6,CCL3
CD320,ARHGAP9,CCL4L2
CD37,ARHGDIB,CCND2
CD3D,ARHGEF1,CCNH
CD40,ARHGEF12,CCNY
CD44,ARHGEF15,CCR7
CD48,ARHGEF16,CCR9
CD52,ARHGEF3,CCSER1
CD55,ARHGEF34P,CCZ1
CD58,ARHGEF5,CD14
CD59,ARID1A,CD151
CD69,ARID5B,CD19
CD70,ARIH2OS,CD22
CD74,ARL2BP,CD247
CD79A,ARL4C,CD300LG
CD81,ARL5A,CD320
CD83,ARL5B,CD37
CD84,ARL6IP5,CD3D
CD96,ARL6IP6,CD44
CDC42BPB,ARNT,CD47
CDC42SE1,ARPC4,CD48
CDC42SE2,ARPC5,CD52
CDHR3,ARPC5L,CD55
CDHR5,ARRB1,CD58
CDK11A,ARRB2,CD68
CDKN2AIPNL,ARRDC2,CD69
CDKN2D,ASAH1,CD74
CENPB,ASAP1,CD79A
CFD,ASB1,CD81
CGNL1,ASCC2,CD83
CHCHD10,ASCL2,CD84
CHD2,ASH2L,CD96
CHD3,ASPM,CDC37
CHD4,ASPSCR1,CDC42SE1
CHL1,ASTE1,CDC42SE2
CITED4,ASXL1,CDHR2
CKLF,ASXL2,CDHR5
CKS1B,ATAD5,CDK11A
CLCA1,ATF5,CDKN2AIPNL
CLDN4,ATF7IP,CDKN2D
CLDN5,ATG2A,CENPB
CLEC14A,ATN1,CENPF
CLEC1B,ATOH8,CFAP70
CLEC2B,ATOX1,CFD
CLEC4E,ATP10D,CHD2
CLIC3,ATP11A,CHD3
CLN8,ATP11B,CHD4
CLPS,ATP11C,CHMP4B
CMC1,ATP13A4,CHP1
CMC2,ATP1A1,CIC
CMIP,ATP1A2,CKLF
CMTM2,ATP1B3,CKS1B
CMYA5,ATP23,CLDN1
CNN1,ATP2A3,CLDN5
CNN2,ATP2B1,CLEC12A
COBL,ATP6V1B2,CLEC14A
COL27A1,ATP6V1F,CLEC1B
COLGALT1,ATP8B4,CLEC2B
COMTD1,ATXN1,CLEC4E
CORO1A,ATXN1L,CLEC7A
CORO1C,ATXN2L,CLPS
COTL1,AUTS2,CMAHP
COX19,AVPR1A,CMC1
COX5B,AVPR2,CMIP
COX7B,AXIN1,CMTM2
CPM,AZGP1,CMTM6
CR1,B3GALNT2,CMYA5
CREBBP,B3GLCT,CNN1
CRKL,B3GNT7,CNN2
CSAD,B4GALNT4,CNST
CSF3R,B4GALT4,COBL
CSK,BAHCC1,COLGALT1
CST3,BANP,COMT
CST7,BAP1,COQ4
CTNNAL1,BASP1,CORO1A
CTNS,BBIP1,CORO1C
CTSC,BBOF1,COTL1
CTSD,BBS7,COX7B
CTSW,BBX,CPD
CXCL14,BCAP29,CPEB4
CXCL16,BCKDK,CR1
CXCL8,BCL10,CREBBP
CXCR4,BCL11B,CRKL
CXorf38,BCL2A1,CRYM
CYB5D2,BCL2L1,CSAD
CYBA,BCL2L13,CSF3R
CYFIP2,BCL6B,CSK
CYLD,BCL9L,CSNK1G3
CYP27A1,BCR,CST3
CYP3A5,BGN,CST7
CYTOR,BICD2,CTBS
DAPK2,BICDL2,CTNNA1
DAZAP2,BIN1,CTNS
DBI,BIN2,CTSC
DBNL,BIRC2,CTSD
DCAF12,BIRC3,CTSH
DCP2,BLM,CTSW
DCTN1,BLVRB,CXCL16
DDB1,BMP6,CXCR4
DEGS1,BMPR1A,CXorf38
DENND4A,BMT2,CYB561D2
DERA,BMX,CYB5D2
DIAPH1,BOD1L1,CYBA
DLC1,BPGM,CYFIP2
DMTN,BRAT1,CYP3A5
DNAH12,BRCC3,CYP4B1
DNASE2,BRD1,CYTH1
DOCK10,BRD3,DAZAP2
DOCK2,BRI3,DBI
DOCK8,BRPF3,DCAF12
DPP7,BSCL2,DCLK2
DPYSL2,BSG,DDB1
DPYSL3,BST1,DDX39B
DSC2,BTBD2,DENND4A
DSP,BTK,DIAPH1
DSTN,BTN3A2,DLGAP4
DTX3L,BZW1P2,DMTN
DUSP2,C11orf96,DNAH11
DUSP4,C12orf45,DNAH5
DUSP7,C12orf75,DNAJC15
DUT,C12orf76,DNAJC9
DYNLL2,C15orf39,DNM2
DYNLRB1,C16orf91,DOCK2
DYNLT1,C17orf49,DOCK8
DYSF,C18orf32,DOK2
EFCAB14,C19orf33,DPCD
EHBP1L1,C19orf73,DPP7
EHD1,C1GALT1,DPYSL2
EHMT1,C1QA,DSC2
EIF1B,C1orf115,DSTN
EIF2S2,C1orf52,DTX3L
EIF3F,C20orf27,DUSP2
EIF3L,C22orf15,DUSP23
EIF3M,C22orf46,DUSP4
EIF4EBP2,C2orf88,DUT
EIF4G3,C3,DYNC1LI1
EIF5B,C4orf3,DYNLL2
ELF4,C4orf33,DYNLT3
ELK4,C4orf48,DYSF
ELMO1,C5orf15,E2F1
ELMSAN1,C5orf56,E2F3
EMC6,C6orf106,ECSCR
EMP1,C6orf226,EFCAB14
ENO1,C6orf48,EFCAB2
ENOSF1,C6orf62,EGFL7
EP300,C8orf76,EHBP1L1
EPAS1,C9orf16,EHD1
EPB41,C9orf72,EHD3
EPS8L2,C9orf78,EHMT1
EPS8L3,CA1,EIF1AY
ERBIN,CA2,EIF2AK1
ERG,CA4,EIF2S2
ERICH1,CABIN1,EIF3F
ERN1,CACNA1D,EIF3L
ETFRF1,CACYBP,EIF4EBP2
ETS1,CALCOCO1,EIF4G3
ETV3,CALCRL,EIF5B
EVI2B,CALD1,ELF4
EVL,CALHM2,ELK4
EXOSC6,CALR,ELMSAN1
EZR,CAMK1,EMC6
F13A1,CAMKK2,EMP1
F8,CAMSAP1,EN1
FAM107A,CAMTA1,ENO1
FAM110D,CAMTA2,EP300
FAM129B,CAPN1,EPAS1
FAM13B,CAPN15,EPB41
FAM168B,CAPN2,EPHA4
FAM234A,CAPZA1,ERBIN
FAM30A,CAPZB,EREG
FAM3C,CARD11,ERG
FAM43A,CARD16,ERICH1
FAM76B,CARD6,ERICH3
FBL,CARMIL1,ESAM
FBP1,CASC3,ETS1
FBRS,CASKIN2,EXOSC6
FBXO32,CASP6,EZR
FBXW7,CAT,F13A1
FCER1G,CATSPER1,FAM102A
FCGR1A,CATSPERG,FAM107A
FCGR2A,CAV2,FAM110D
FCGRT,CBFA2T3,FAM117A
FCHSD2,CBL,FAM129B
FCN1,CBR3,FAM13B
FCRLA,CBWD5,FAM168B
FECH,CBX1,FAM177A1
FGD5,CCDC107,FAM216B
FGFBP2,CCDC138,FAM219A
FGR,CCDC14,FAM89A
FHDC1,CCDC186,FAXDC2
FKBP5,CCDC69,FBL
FKBP8,CCDC7,FBP1
FLI1,CCDC82,FBRS
FLII,CCDC84,FBXO32
FLOT2,CCDC85B,FBXW5
FMNL1,CCDC88A,FBXW7
FNBP1,CCDC88C,FCER1G
FNBP1L,CCDC92,FCGR1A
FOLR3,CCDC97,FCGR2A
FOXC1,CCL22,FCGRT
FOXK1,CCL3,FCN1
FOXN3,CCL4L2,FCRLA
FOXO3,CCM2,FDFT1
FOXP1,CCND2,FECH
FPR1,CCNG1,FFAR2
FRG1HP,CCNH,FGD5
FTL,CCNT1,FGFBP2
FXYD2,CCNY,FGFR2
FXYD5,CCPG1,FGL2
FYN,CCR7,FHDC1
G0S2,CCR9,FKBP8
G3BP2,CCSER1,FLI1
GAB2,CCT6P3,FLII
GABARAPL2,CCT8,FLOT2
GALNS,CCZ1,FLT1
GATAD2B,CD109,FMNL1
GATM,CD151,FNBP1
GBP2,CD160,FNDC3B
GCA,CD19,FOXK1
GCHFR,CD22,FOXN3
GDI1,CD300LG,FOXO3
GGA2,CD320,FOXP1
GIGYF2,CD37,FPR1
GIMAP4,CD3D,FPR2
GIMAP6,CD3E,FRG1HP
GLA,CD44,FRMD3
GLIPR1,CD47,FTL
GLRX,CD48,FXYD5
GMPR,CD55,G0S2
GNAI2,CD58,G6PD
GNB2,CD69,GAB2
GNG2,CD74,GABARAPL2
GNLY,CD79A,GABRP
GNPDA1,CD81,GALNT2
GNS,CD83,GATAD2B
GOLGA8A,CD86,GATM
GP6,CD8A,GBP2
GP9,CD96,GCA
GPI,CD99L2,GCHFR
GPR155,CDC25B,GCOM1
GPR174,CDC34,GHRL
GPR183,CDC37,GIMAP4
GPS2,CDC40,GIMAP6
GPSM3,CDC42BPB,GLA
GPX4,CDC42EP1,GLIPR1
GRAP2,CDC42SE1,GLRX5
GRB2,CDC42SE2,GLYAT
GRK2,CDH19,GMPR
GRK3,CDHR1,GNA12
GRK6,CDHR2,GNAI2
GRN,CDHR5,GNB2
GSE1,CDK11B,GNG2
GSTA1,CDK5,GNLY
GSTM3,CDKN1A,GNS
GSTO1,CDKN2A,GON4L
GSTP1,CDKN2AIP,GP9
GTF3C6,CDKN2AIPNL,GPI
GYPC,CDKN2D,GPM6B
GZMA,CDKN3,GPR155
GZMB,CDYL,GPR157
GZMH,CEACAM1,GPR183
GZMM,CENPB,GPR89A
H19,CENPC,GPS2
H1FX,CENPF,GPSM3
H2AFJ,CENPJ,GPX4
HACD4,CENPK,GRAP2
HAGHL,CENPL,GRK2
HAND2,CENPM,GRN
HBB,CENPV,GSE1
HBEGF,CENPX,GSTA1
HCFC1,CEP104,GSTM3
HCK,CEP170B,GSTO1
HCLS1,CEP250,GSTP1
HCST,CEP295,GTF2F1
HDAC10,CEP350,GTF2H5
HDAC7,CEP55,GTF3C6
HECA,CEP57L1,GUCD1
HECTD4,CEP68,GYPA
HEMGN,CEP78,GYPC
HERC1,CERK,GZMA
HEXB,CERS6,GZMB
HIGD1A,CES1,GZMK
HIP1R,CES2,GZMM
HIPK1,CETN3,H19
HIPK2,CFB,H1FX
HIPK3,CFD,H2AFJ
HIST1H1C,CFLAR,HACD4
HIST1H2AC,CFP,HBB
HIST1H2AG,CGNL1,HBEGF
HIST1H2BC,CGRRF1,HCFC1
HIST1H2BD,CHAF1A,HCG11
HIST1H2BK,CHAT,HCK
HIST1H3H,CHCHD3,HCLS1
HIST1H4B,CHD1,HCST
HIST1H4C,CHD2,HECA
HIST1H4E,CHD3,HECTD4
HIST1H4H,CHD4,HELLS
HIST2H2AA4,CHEK2,HEMGN
HIST2H2AC,CHERP,HEPACAM2
HIST2H2BE,CHI3L2,HERC1
HK1,CHIT1,HEXB
HMG20B,CHKA,HIGD1A
HMGB2,CHL1,HILPDA
HMGN2,CHML,HIPK1
HMGN5,CHMP1A,HIPK2
HMGXB4,CHMP4B,HIPK3
HNRNPA1,CHMP6,HIST1H1C
HNRNPC,CHST11,HIST1H2AC
HNRNPH3,CHST12,HIST1H2AG
HNRNPUL1,CHST2,HIST1H2BC
HP,CHST7,HIST1H2BD
HPSE,CHURC1,HIST1H2BF
HSD17B7,CIC,HIST1H2BK
HSPA2,CISH,HIST1H3B
HSPA6,CIZ1,HIST1H3C
HTATIP2,CKAP2L,HIST1H3H
HTT,CKAP4,HIST1H4B
HYAL2,CKLF,HIST1H4C
ICAM2,CKS1B,HIST1H4E
ICAM3,CLCC1,HIST1H4H
IFI27,CLCN4,HIST2H2AA4
IFI30,CLDN5,HIST2H2BE
IFNGR1,CLEC12A,HK1
IGFBP6,CLEC14A,HMGA1
IGHA1,CLEC16A,HMGN2
IGHM,CLEC1B,HNRNPA1
IGKC,CLEC2B,HNRNPC
IK,CLEC2D,HNRNPUL1
IKZF1,CLEC7A,HOMER2
IKZF3,CLHC1,HPSE
IL13RA1,CLIC4,HRASLS
IL16,CLIP2,HRH2
IL1RAP,CLK4,HSD17B7
IL27RA,CLN8,HSPA2
IL6ST,CLPTM1,HSPA6
ILK,CLPTM1L,HTATIP2
INPP5D,CLYBL,ICAM2
IPO5,CMAHP,ICAM3
IQGAP1,CMC1,IFI27
IQSEC1,CMC2,IFNG
IRF8,CMIP,IFNGR1
IRF9,CMTM2,IGFBP6
IRS2,CMTM6,IGHA1
ITGA1,CMYA5,IGHM
ITGA2,CNN2,IGKC
ITGA2B,CNOT3,IK
ITGA5,CNPPD1,IKZF1
ITGAL,CNST,IKZF3
ITGAV,CNTN6,IL13RA1
ITGB1,COASY,IL16
ITGB3BP,COBL,IL1RAP
ITLN1,COL27A1,IL27RA
ITPK1,COL9A2,ILK
ITPKB,COMMD1,ING2
ITPR2,COMMD6,INPP5D
ITPRIP,COPS4,INSR
JADE2,CORO1A,INTS6
JAK1,CORO1C,IQGAP1
JAZF1,COTL1,IQSEC1
KAT6A,COX19,IRAK1
KCNAB2,COX5B,IRF8
KCTD10,COX6B1,IRF9
KCTD12,COX7B,IRX3
KDM2A,CPD,ITCH
KDM3B,CPEB1,ITGA1
KHDRBS3,CPEB2,ITGA2B
KHSRP,CPEB4,ITGA5
KIAA0930,CPLX1,ITGB1
KIF1C,CPNE2,ITLN1
KIF21B,CPNE5,ITPR2
KIF26A,CPPED1,JAK1
KIF3B,CPSF1,JAZF1
KLF13,CPSF6,JUP
KLF3,CR1,KANK2
KLF9,CRBN,KAT2B
KLHDC8B,CREBBP,KAT6A
KLRD1,CREBRF,KCNAB2
KLRF1,CRELD1,KCTD10
KMT2A,CRKL,KCTD12
KMT2C,CRTC1,KDM2A
KMT2D,CRYM,KDM3B
KMT2E,CS,KHDRBS3
KRT10,CSAD,KHSRP
KRT15,CSF1R,KIAA0513
KRT3,CSF3R,KIAA0930
KRT4,CSK,KIF1C
KRT5,CSNK1D,KLF13
KRT6C,CSPG4,KLF3
KRT7,CST7,KLF9
LAGE3,CSTA,KLHDC8B
LAMP2,CTBS,KLK7
LANCL3,CTC1,KLRD1
LAPTM5,CTNNA1,KMT2A
LASP1,CTNNAL1,KMT2C
LAT2,CTNND1,KMT2D
LBH,CTNS,KMT2E
LCP1,CTSA,KREMEN1
LCP2,CTSC,KRT15
LDHB,CTSH,KRT23
LEPROT,CTSW,KRT5
LEPROTL1,CTTNBP2,KRT6A
LGALS12,CX3CR1,LAGE3
LGALSL,CXCL16,LAMP2
LGI4,CXCR2P1,LAMP3
LILRB3,CXCR4,LAMTOR1
LIMD2,CXXC1,LAPTM4B
LIMS1,CXorf38,LAPTM5
LINC00667,CYB561A3,LASP1
LINC00861,CYB5R3,LBH
LINC00869,CYBA,LCA5
LINC00989,CYC1,LCK
LIPA,CYFIP1,LCN15
LPAR2,CYFIP2,LCP1
LPCAT4,CYLD,LCP2
LRMP,CYP1B1,LDHB
LSP1,CYP2B7P,LGALSL
LTA4H,CYP2R1,LGI4
LTB,CYP3A5,LILRB3
LUC7L3,CYP4F8,LIMS1
LY6G6F,CYP4V2,LINC00667
LY9,CYTH1,LINC00847
LY96,CYTH4,LINC00861
LYAR,DAAM1,LINC00963
LYN,DAB2IP,LINC00989
LYPLA1,DAP,LINC01138
LYZ,DAPK1,LIPA
M6PR,DAPK2,LPCAT2
MACC1,DAPP1,LPCAT4
MALSU1,DAXX,LRMP
MAP2K3,DAZAP2,LRRIQ1
MAP3K1,DBF4,LSM1
MAP3K11,DBI,LSM12
MAP3K13,DBNL,LSM14A
MAP3K3,DCAF1,LSP1
MAP3K7CL,DCAF11,LTA4H
MAP3K8,DCAF12,LTB
MAP4,DCAF15,LUC7L
MAP4K4,DCHS1,LUC7L3
MAP7,DCLK1,LY6E
MAPK1,DCLRE1A,LY6G6F
MAPKAPK2,DCTN1,LY9
MAPKAPK3,DCUN1D5,LY96
MAPRE2,DDB1,LYN
MARCH8,DDI2,LYPLA1
MARCO,DDX39B,LYRM2
MAT2B,DDX41,LYZ
MAX,DDX49,M6PR
MBNL3,DDX54,MACC1
MBP,DEF6,MAFB
MCEMP1,DEGS1,MAP2K3
MCUR1,DEK,MAP3K1
MED13,DENND1A,MAP3K11
MED13L,DENND1C,MAP3K13
MEF2C,DENND2C,MAP3K3
MFN2,DENND3,MAP3K7CL
MFSD1,DENND4A,MAP3K8
MIB2,DENND4B,MAP4
MIF,DENND5A,MAP4K4
MISP3,DERA,MAP7
MKNK2,DGAT1,MAPK1
MKRN1,DGAT2,MAPKAPK2
MLLT6,DGKD,MAPKAPK3
MLXIP,DGKQ,MAPRE2
MMD,DGKZ,MARCH8
MMP9,DHFR,MAST3
MMRN1,DHPS,MAX
MMRN2,DHRS3,MBNL3
MNAT1,DHRS7,MBP
MOB1A,DHRS9,MCEMP1
MOB3A,DHX30,MCUR1
MORC3,DHX38,MED13
MPC1,DIAPH1,MED13L
MPC2,DIAPH2,MFN2
MPRIP,DIDO1,MGAM
MRC1,DIP2A,MGAM2
MRPS26,DIRAS1,MGAT2
MS4A1,DIS3,MGLL
MS4A4A,DLC1,MGST3
MS4A6A,DLG3,MICU1
MSN,DLGAP4,MIF
MSRB2,DLL4,MISP3
MT2A,DMGDH,MITF
MTA2,DMTN,MKNK2
MTATP6P1,DMWD,MKRN1
MTG1,DNAAF1,MLLT6
MTPN,DNAAF3,MMD
MTURN,DNAH10OS,MMP9
MUC5AC,DNAH12,MMRN1
MUC6,DNAJC15,MMRN2
MXI1,DNAJC18,MOB1A
MYCBP2,DNAJC24,MOB3A
MYH9,DNAJC4,MORC3
MYO18A,DNAJC5,MORN2
MYO1F,DNAJC5B,MPRIP
MYO1G,DNAJC9,MPZ
MYO7B,DNM2,MRC1
MYO9B,DNM3,MRPS26
N4BP2L1,DNMT1,MS4A4A
NAA38,DNPEP,MS4A6A
NABP1,DOCK2,MSN
NADK,DOCK7,MSRB2
NAIP,DOCK8,MT1G
NAMPT,DOCK9,MT2A
NAPSA,DOHH,MTATP6P1
NCF2,DOK1,MTG1
NCKAP1L,DOK2,MTHFD2L
NCL,DOK6,MTPN
NCOA2,DPH6,MTURN
NCOA4,DPM1,MTX1
NCOR2,DPM2,MUC2
NDFIP1,DPP7,MUC5B
NDRG1,DPP9,MUC6
NDUFA3,DPY19L1,MXI1
NDUFA5,DPYSL2,MYCBP2
NDUFB1,DPYSL3,MYEF2
NDUFB3,DRAP1,MYH9
NES,DSC2,MYO18A
NET1,DSTN,MYO1B
NEXN,DTHD1,MYO1F
NFATC3,DUSP19,MYO1G
NFE2L1,DUSP2,MYO9B
NFIC,DUSP28,MYOT
NFIL3,DUSP4,NAA38
NFIX,DUSP6,NABP1
NHLRC3,DUSP7,NADK
NHP2,DUT,NAIP
NIN,DVL1,NAMPT
NIPBL,DVL3,NAPRT
NONO,DYNLL2,NAT8
NORAD,DYNLRB1,NBEA
NR4A2,DYNLT1,NBEAL2
NRBF2,DYSF,NCF2
NRGN,E2F1,NCKAP1L
NRXN1,E2F2,NCL
NT5C3A,E2F3,NCOA2
NT5M,E2F4,NCOA4
NUDCD2,E4F1,NCOR2
NUDT1,EBPL,NDFIP1
NUDT16,ECE1,NDRG1
NUDT4,ECSCR,NDUFA3
OAS2,ECSIT,NDUFA4
ODF2L,EDARADD,NDUFA5
OGDHL,EDC4,NDUFB1
OGFRL1,EDEM2,NDUFB3
OPTN,EDEM3,NDUFS8
ORAI1,EEA1,NEIL1
OST4,EFCAB11,NES
OSTM1,EFCAB2,NET1
P2RX7,EFNA1,NEXN
PAAF1,EGLN1,NFATC3
PACS1,EHBP1L1,NFE2L1
PAG1,EHD1,NFIC
PAN3,EHD3,NFIL3
PARP1,EHD4,NFIX
PARP14,EHF,NIN
PAWR,EHMT1,NIPBL
PAX5,EHMT2,NME1
PCAT19,EID3,NORAD
PCBP1,EIF1B,NOTCH4
PCBP2,EIF2AK1,NPRL3
PCDH10,EIF2S2,NQO2
PCGF5,EIF3L,NR4A2
PCMTD1,EIF4EBP2,NRBF2
PCSK7,EIF4G3,NRGN
PDCD4,EIF5B,NRXN1
PDCD5,EIF6,NSUN5P1
PDE2A,ELK1,NT5C3A
PDIA6,ELK3,NT5M
PDK4,ELK4,NUCB1
PDLIM5,ELMO1,NUDCD2
PDZD8,ELMOD2,NUDT1
PEA15,ELMSAN1,NUDT22
PECAM1,EMB,NUDT4
PELI1,EMP1,OFD1
PEX6,ENAH,OLFM4
PF4,ENG,OLR1
PFN1,ENHO,ORAI1
PGP,ENO1,OST4
PGRMC1,ENPP4,P2RY1
PHB2,ENTPD4,PAAF1
PI4KA,EOGT,PABPC4
PICALM,EP300,PACS1
PIGR,EP400,PAG1
PIK3AP1,EPAS1,PARP14
PIK3CD,EPB41,PAWR
PIK3IP1,EPB41L1,PCAT19
PIM1,EPB41L2,PCBP1
PIP4K2A,EPB41L4B,PCBP2
PITPNA,EPB42,PCDH10
PITPNM3,EPHA3,PCGF5
PKN1,EPHA4,PCLO
PKP4,EPHB4,PCMTD1
PLAC8,EPM2AIP1,PCP2
PLBD1,EPN2,PCSK1N
PLEC,EPOR,PCSK7
PLEK,EPS15L1,PDCD10
PLEKHA2,ERAP2,PDCD4
PLEKHA8P1,ERBIN,PDIA6
PLEKHM2,EREG,PDK4
PLPP1,ERG,PDLIM5
PLSCR1,ERGIC1,PDZD8
PLTP,ERICH3,PDZK1IP1
PLXDC2,ERO1A,PEA15
PMP22,ESAM,PECAM1
POGLUT1,ESCO1,PF4
POLR2A,ESCO2,PFN1
PON2,ETAA1,PGD
POR,ETHE1,PGP
PPBP,ETS1,PGRMC1
PPDPF,ETS2,PHACTR2
PPFIBP1,ETV3,PHB2
PPM1A,EVI2A,PHC2
PPP1CB,EVI2B,PHF20L1
PPP1R16A,EVI5L,PHF21A
PPP1R16B,EVL,PI4KA
PPP1R18,EVPL,PICALM
PPP1R9B,EXOC3,PIK3AP1
PPP2R5C,EXOC5,PIK3CD
PPP3R1,EXOC7,PIK3IP1
PPP6R1,EXOSC6,PIM1
PPT1,EXT2,PIP4K2A
PRDM2,EZR,PITPNM3
PRDX4,F13A1,PKN1
PREX1,F8,PKP4
PRKACB,FADS3,PLA2G12A
PRKAR2B,FAM102A,PLAC8
PRKCB,FAM107A,PLBD1
PRKCH,FAM110D,PLEC
PRKD2,FAM111A,PLEK
PRNP,FAM111B,PLEKHA2
PROK2,FAM117A,PLEKHA8P1
PROS1,FAM122B,PLEKHO2
PRR12,FAM122C,PLTP
PRR13,FAM126B,PLXDC2
PRR7,FAM129B,PMP22
PRRX2,FAM160B2,POGLUT1
PSMA2,FAM177A1,POLDIP3
PTBP3,FAM193A,POLG2
PTCRA,FAM193B,POLR2A
PTGDR,FAM200B,POLR2F
PTK2B,FAM206A,POLR2M
PTN,FAM20C,PON2
PTPN18,FAM210B,PPBP
PTPN6,FAM219A,PPDPF
PTPRC,FAM30A,PPFIBP1
PTTG1,FAM3C,PPM1A
PXN,FAM49B,PPM1F
PYCARD,FAM53B,PPP1CB
PYURF,FAM53C,PPP1R16B
QARS,FAM78A,PPP1R18
QKI,FAM86DP,PPP1R35
R3HDM4,FAM91A1,PPP1R9B
RAB11A,FAR1,PPP2R5C
RAB11FIP1,FARSA,PPP3R1
RAB13,FASN,PPP6R1
RAB2B,FAT1,PPT1
RAB32,FAXDC2,PRDM2
RAB7A,FBL,PREX1
RABGAP1L,FBRS,PRIMA1
RAC2,FBXL15,PRKACA
RALB,FBXW4,PRKAR2B
RAMP2,FBXW5,PRKCB
RANBP1,FBXW7,PRNP
RANBP10,FCER1G,PROS1
RANGRF,FCGR1A,PRR7
RAP1A,FCGR2A,PRTFDC1
RAPGEF1,FCGR2B,PSMA2
RASA3,FCGR3B,PSTPIP2
RASSF2,FCGRT,PTBP3
RASSF3,FCHO1,PTCRA
RASSF5,FCRL2,PTDSS2
RASSF7,FCRLA,PTGS1
RBBP6,FDCSP,PTK2
RBFA,FDFT1,PTK2B
RBL2,FECH,PTPN1
RBM15B,FERMT3,PTPN12
RBM23,FES,PTPN18
RBM33,FEZ1,PTPN6
RBM38,FEZ2,PTPRC
RBP4,FFAR2,PXN
RBP5,FGD2,PYURF
RBP7,FGD3,QARS
RCAN1,FGD5,QKI
RCN2,FGFBP2,R3HDM4
RCSD1,FGFR2,RAB10
REL,FGR,RAB11A
RELT,FHDC1,RAB11FIP1
RERE,FHL2,RAB13
RFLNB,FHOD1,RAB31
RFNG,FIP1L1,RAB32
RGCC,FKBP1B,RAB7A
RGS1,FKBP5,RABGAP1L
RGS10,FKBP8,RAC2
RGS18,FLI1,RAD23A
RGS19,FLII,RALB
RHEB,FLOT1,RAMP2
RHOA,FLOT2,RAMP3
RHOT2,FLT1,RANBP1
RIDA,FMNL1,RAP1B
RIN3,FMNL3,RAPGEF1
RIOK3,FN1,RARRES1
RMND5A,FN3K,RASA3
RN7SKP255,FNBP1,RASGRP2
RN7SL1,FNBP1L,RASSF2
RN7SL2,FNBP4,RASSF3
RNASE6,FNDC3B,RASSF5
RNASET2,FOLR3,RASSF6
RNF10,FOXJ2,RBBP6
RNF11,FOXJ3,RBL2
RNF145,FOXK2,RBM23
RNF149,FOXN3,RBM33
RNF38,FOXO3,RBM38
RNF44,FOXO4,RBMS1
RNF8,FOXP1,RBP4
RNH1,FPR1,RBP5
RNPC3,FPR2,RBP7
RNPEPL1,FRA10AC1,RCAN1
RP1,FRG1,REL
RP9P,FRG1BP,RELT
RPA1,FRG1HP,RERE
RPIA,FRMD3,RETN
RPL10P9,FRMD4A,RFLNB
RPL22L1,FRMD8,RGCC
RPL34,FRYL,RGS10
RPL9P9,FTL,RGS18
RPS2P5,FTX,RGS19
RPS3A,FUCA2,RGS3
RPS6KA1,FURIN,RHEB
RPS6KA3,FUT6,RHOA
RRAS2,FUT7,RIN3
RSPH1,FXN,RIOK3
RSRP1,FXYD5,RMND5A
RTN3,FYCO1,RN7SL1
RWDD4,FYN,RN7SL2
S100A12,FZR1,RNASE6
S100A4,G2E3,RNASET2
SAMHD1,G6PD,RNF10
SAMSN1,GAB2,RNF11
SAP30,GABARAPL2,RNF115
SARAF,GABRA4,RNF149
SARNP,GABRE,RNF38
SASH3,GABRP,RNF44
SCPEP1,GALNT15,RNPEPL1
SCT,GALNT2,RP1
SEC14L2,GANAB,RPA3
SELENBP1,GAS7,RPL10P9
SELENOH,GATA1,RPL22L1
SENCR,GBF1,RPL32P3
SEPT6,GBP2,RPL34
SEPT7,GCA,RPS2P5
SEPT9,GCC1,RPS3A
SESN1,GCC2,RPS6KA1
SESN3,GCHFR,RPS6KA2
SETD1B,GCLC,RRAS2
SETD7,GCN1,RSRP1
SF3A1,GCOM1,RTN3
SF3B3,GDI1,RUFY1
SFRP2,GDPD1,RWDD4
SFTPD,GEMIN4,S100A12
SGK3,GEN1,S100A4
SH2B3,GFI1B,SAMHD1
SH3BGRL,GFM2,SAMSN1
SH3BGRL3,GGA2,SAP30
SH3BP2,GGA3,SASH3
SH3KBP1,GGCT,SAV1
SH3PXD2A,GHRL,SBF1
SHANK3,GIGYF1,SCGB2A2
SHC4,GIGYF2,SCGB3A1
SHISA5,GIMAP4,SCLT1
SHKBP1,GIMAP6,SCN1B
SHOC2,GIMAP7,SCPEP1
SIL1,GIMAP8,SEC14L2
SIPA1L3,GINS4,SEC16A
SIRT7,GIT1,SELENBP1
SLAIN2,GJA4,SELENOH
SLAMF1,GJA5,SELENOW
SLC1A3,GK,SENCR
SLC22A18,GK5,SEPT6
SLC25A37,GKAP1,SEPT7
SLC25A39,GLA,SEPT9
SLC26A2,GLDN,SERTAD1
SLC2A1,GLE1,SESN3
SLC2A3,GLIPR1,SETD1B
SLC30A5,GLIS2,SETD3
SLC30A9,GLIS3,SF3A1
SLC31A2,GLMP,SFTPB
SLC35E3,GLRX,SFTPC
SLC39A3,GLRX2,SGK3
SLC40A1,GLRX5,SH2B3
SLC43A2,GMCL1,SH3BGRL
SLC4A1,GMIP,SH3KBP1
SLC5A3,GNA12,SH3PXD2A
SLC7A7,GNAI1,SHANK3
SLC8A1,GNAI2,SHISA5
SLFN5,GNAZ,SHKBP1
SLPI,GNB2,SHOC2
SMARCA2,GNG5,SHROOM3
SMARCA5,GNLY,SIN3A
SMARCC1,GOLGA2P10,SIPA1
SMARCC2,GOLT1B,SLAIN2
SMC4,GON4L,SLAMF1
SMCO4,GP1BA,SLC12A9
SMG1,GP9,SLC1A3
SMIM1,GPA33,SLC25A37
SMIM10L1,GPALPP1,SLC25A39
SMIM22,GPAT2,SLC2A1
SMIM5,GPBAR1,SLC2A3
SNCA,GPI,SLC31A2
SND1,GPM6B,SLC35E3
SNHG1,GPR141,SLC38A1
SNHG14,GPR174,SLC39A3
SNHG3,GPR18,SLC40A1
SNHG6,GPR183,SLC44A1
SNHG7,GPR65,SLC4A1
SNRNP27,GPR82,SLC4A7
SOD2,GPS2,SLC8A1
SOX4,GPSM3,SLCO3A1
SP1,GPX4,SLFN5
SP110,GRAMD4,SLK
SPARCL1,GRAP2,SLPI
SPECC1,GRB2,SMAP2
SPI1,GRHPR,SMARCA2
SPPL2B,GRIN2B,SMARCA5
SPSB3,GRINA,SMARCC1
SPTAN1,GRIPAP1,SMARCC2
SPTBN1,GRK2,SMIM1
SPTLC2,GRK3,SMIM10L1
SRGAP2C,GRK5,SMIM5
SRSF1,GRK6,SNCA
SRSF10,GSE1,SND1
SSH1,GSK3A,SNHG1
SSH2,GSTO1,SNHG19
SSX2IP,GSTP1,SNHG20
STAB1,GTF2E2,SNHG3
STAG3,GTF2F1,SNHG6
STAG3L3,GTF2H5,SNN
STAT1,GTF2IRD2,SNX2
STAT5B,GTF3C1,SNX3
STAT6,GTF3C6,SOD2
STIM2,GTPBP1,SORL1
STK10,GTPBP2,SOX4
STK17B,GUCD1,SP1
STK4,GUF1,SP100
STK40,GYG1,SP110
STMN1,GYPC,SPARCL1
SUB1,GZMA,SPHK1
SULT1A1,GZMB,SPI1
SVIP,GZMH,SPOCD1
SWAP70,GZMK,SPP1
SWI5,GZMM,SPSB3
SYK,H19,SPTA1
SYNE1,H1FX,SPTAN1
SYNGR1,H2AFY2,SPTB
SYNGR2,H3F3AP4,SPTBN1
SYNJ2,H6PD,SRGN
SYNPO,HACD2,SRSF1
SZRD1,HACD4,SRSF10
TACC1,HAGH,SSH1
TAF15,HAGHL,SSH2
TAF1D,HAUS1,SSX2IP
TBC1D1,HBB,ST8SIA6
TBCEL,HBD,STAB1
TBRG1,HBEGF,STAG3
TCEAL7,HCFC1,STAG3L3
TCF7,HCG18,STAT1
TCN2,HCK,STAT5B
TCP11L2,HCLS1,STAT6
TERF1,HCST,STK10
TERF2IP,HDAC4,STK17B
TGM2,HDAC5,STK4
THBD,HDAC6,STK40
THEM4,HDAC7,STMN1
THEMIS2,HECA,STOM
THOC2,HECTD4,SUB1
TIMP4,HEIH,SULT1A1
TINF2,HELZ,SWAP70
TJP1,HEMGN,SYK
TK1,HENMT1,SYNE1
TKT,HERC1,SYNE2
TLN1,HERC2,SYNGR1
TLR2,HERC5,SYNGR2
TM9SF2,HES4,SYNPO
TMC5,HEXB,SYTL3
TMCC2,HEXIM1,SYTL4
TMED1,HIF3A,SZRD1
TMEM19,HIGD1A,TACC1
TMEM243,HIKESHI,TAF15
TMEM258,HILPDA,TAF1D
TMEM40,HIP1R,TAGAP
TMEM63A,HIPK1,TBC1D1
TMEM87A,HIPK2,TBCEL
TNFRSF18,HIPK3,TBRG1
TNFSF10,HIRIP3,TCF7
TNFSF13B,HIST1H1B,TCN2
TNFSF8,HIST1H1C,TCP11L2
TNIP1,HIST1H2AC,TET3
TNRC18,HIST1H2AG,TFDP1
TNS1,HIST1H2AH,TFF3
TNS2,HIST1H2BC,TFRC
TNS3,HIST1H2BD,TGM2
TP53INP2,HIST1H2BF,THBD
TP53TG1,HIST1H2BK,THEM4
TPH1,HIST1H2BN,THEMIS2
TPM3,HIST1H3B,THOC2
TPST2,HIST1H3C,TIA1
TRAK2,HIST1H3H,TJP1
TRAPPC1,HIST1H4B,TKT
TRBC2,HIST1H4C,TLE1
TREM1,HIST1H4E,TLE4
TREML1,HIST1H4H,TLK1
TRHDE,HIST2H2AA4,TLN1
TRIM22,HIST2H2BE,TLR2
TRIM26,HIST2H4B,TM6SF1
TRIM28,HIVEP3,TMC5
TRIM52,HK1,TMCC2
TRIM58,HK3,TMEM198B
TRIO,HMBS,TMEM243
TRIP12,HMGA1,TMEM258
TRMT1,HMGB1P8,TMEM40
TSC22D3,HMGB2,TMIGD2
TTC14,HMGN2,TMSB15A
TTC19,HMOX1,TNFSF13B
TTC3,HNRNPA1,TNIP1
TTLL3,HNRNPC,TNNC2
TTR,HNRNPH3,TNRC18
TUBB,HNRNPUL1,TNS1
TUBB1,HOPX,TNS2
TULP4,HOTAIRM1,TP53I3
TWISTNB,HOXD10,TP53INP2
TXN,HOXD8,TPH1
TXNDC17,HP,TPM2
TYMS,HPCAL1,TPM3
TYW5,HPF1,TPST2
UACA,HPS1,TRAK2
UBALD2,HPSE,TRAPPC1
UBAP2,HRASLS,TREM1
UBE2D2,HRCT1,TREML1
UBE2O,HSCB,TRHDE
UBE2S,HSD17B7,TRIM28
UBTF,HSF1,TRIO
UBXN11,HSF2,TRIP12
UBXN6,HSP90B1,TSC22D1
UCP2,HSPA12B,TSC22D3
UHMK1,HSPA13,TSPAN32
UNC93B1,HSPA6,TTC14
UQCRC2,HSPB11,TTC19
USP24,HTATIP2,TUBB
UTRN,HTT,TULP4
UTY,HYLS1,TWISTNB
VASH1,ICAM2,TXN
VASP,ICE2,TXNDC17
VCAN,ID2,TYMS
VKORC1,IDI1,UACA
VMO1,IFI27,UBAP2
VOPP1,IFI27L1,UBE2D1
WARS,IFI30,UBE2D2
WAS,IFI6,UBE2E2
WASF1,IFNG,UBE2L6
WDFY4,IFNGR1,UBE2O
WDR1,IFNGR2,UBE2R2
WDR26,IFRD2,UBE2S
WDR73,IFT20,UBR2
WDTC1,IFT27,UBR4
WEE1,IFT80,UBTF
WIPF1,IGF2BP3,UBXN1
WIPF2,IGFBP3,UBXN6
WNK1,IGFLR1,UCP2
WWTR1,IGHA1,UHMK1
XIST,IGHM,UNC93B1
XPO1,IGLC2,UPF3A
YIF1B,IGLC3,USP24
YLPM1,IGSF10,UTRN
YOD1,IGSF6,VAMP3
YPEL5,IK,VASH1
YWHAH,IKBIP,VASP
YY1AP1,IKBKB,VCAN
ZBTB25,IKBKE,VCPIP1
ZC3H7B,IKZF1,VEGFA
ZCCHC10,IKZF3,VKORC1
ZCCHC24,IL13RA1,VMO1
ZEB1,IL15,VNN3
ZEB2,IL16,VOPP1
ZFAS1,IL18,VSIG4
ZFYVE27,IL1RAP,WARS
ZMIZ1,IL27RA,WAS
ZMYND10,IL2RB,WASF1
ZNF106,IL32,WDR1
ZNF195,IL4R,WDR26
ZNF271P,IL6ST,WDR73
ZNF322,IL7R,WFDC1
ZNF609,ILK,WHAMMP3
ZNF800,IMMP1L,WIPF1
ZNFX1,IMMP2L,WLS
,IMP4,WNK1
,IMPA1,WWC3
,IMPDH2,WWTR1
,INAFM1,XCL2
,INCENP,XIST
,INF2,XPO1
,ING2,XPO6
,ING4,XRRA1
,INPP4A,YIF1B
,INPP5D,YIPF4
,INPP5F,YLPM1
,INPP5K,YOD1
,INPPL1,YPEL5
,INTS6,YWHAH
,IP6K1,YY1AP1
,IPMK,ZBTB37
,IPO5,ZBTB7B
,IQCB1,ZC3H7B
,IQCE,ZCCHC24
,IQCG,ZEB1
,IQGAP1,ZEB2
,IQSEC1,ZER1
,IRAK1,ZFAS1
,IRAK1BP1,ZMIZ1
,IRAK4,ZNF106
,IRF2,ZNF26
,IRF5,ZNF271P
,IRF9,ZNF322
,IRX3,ZNF331
,ISY1,ZNF506
,ITGA1,ZNF609
,ITGA2B,
,ITGA4,
,ITGA5,
,ITGA6,
,ITGAL,
,ITGB1,
,ITGB2,
,ITGB3,
,ITGB3BP,
,ITGB4,
,ITLN1,
,ITPK1,
,ITPKB,
,ITPR2,
,ITPRIPL2,
,ITSN1,
,JADE2,
,JAG1,
,JAK1,
,JAK3,
,JARID2,
,JAZF1,
,JMJD8,
,JOSD1,
,JPX,
,JUP,
,KANK2,
,KANK3,
,KANSL1,
,KANSL3,
,KANTR,
,KAT2B,
,KAT6A,
,KAT6B,
,KATNB1,
,KBTBD3,
,KCMF1,
,KCNA3,
,KCNAB2,
,KCNH2,
,KCNJ15,
,KCNK3,
,KCNQ4,
,KCTD10,
,KCTD12,
,KCTD6,
,KCTD9,
,KDM2A,
,KDM3B,
,KDM4B,
,KDM5A,
,KDM6B,
,KDM7A,
,KHNYN,
,KHSRP,
,KIAA0513,
,KIAA0930,
,KIAA1143,
,KIAA1211,
,KIAA1522,
,KIF18B,
,KIF1C,
,KIF21B,
,KIF26A,
,KIF3B,
,KIFAP3,
,KIFC3,
,KLF1,
,KLF13,
,KLF3,
,KLF8,
,KLF9,
,KLHDC8A,
,KLHDC8B,
,KLHL35,
,KLRC1,
,KLRC2,
,KLRC4,
,KLRD1,
,KLRF1,
,KLRK1,
,KMT2A,
,KMT2B,
,KMT2C,
,KMT2D,
,KMT2E,
,KNOP1,
,KRR1,
,KRT14,
,KRT15,
,KRT18,
,KRT20,
,KRT3,
,KRT5,
,KRT8,
,KTN1,
,KXD1,
,KYNU,
,LACTB,
,LAD1,
,LAGE3,
,LAIR2,
,LAMP2,
,LAMP3,
,LAMTOR1,
,LANCL3,
,LAPTM4B,
,LAPTM5,
,LARP4B,
,LASP1,
,LAT,
,LAT2,
,LBH,
,LCK,
,LCORL,
,LCP1,
,LCP2,
,LDB1,
,LDHB,
,LDLRAP1,
,LEF1,
,LENG9,
,LEPROTL1,
,LFNG,
,LGALSL,
,LILRA1,
,LILRA2,
,LIMD2,
,LIMK1,
,LIMS1,
,LINC00174,
,LINC00278,
,LINC00467,
,LINC00476,
,LINC00534,
,LINC00667,
,LINC00674,
,LINC00861,
,LINC00869,
,LINC00989,
,LINC01089,
,LINC01116,
,LINC01128,
,LINC01138,
,LINC01151,
,LINC01465,
,LINC01588,
,LINS1,
,LIPG,
,LMNB2,
,LNPEP,
,LONP1,
,LOXL3,
,LPAR6,
,LPCAT3,
,LPCAT4,
,LPIN2,
,LRBA,
,LRCH3,
,LRCH4,
,LRIF1,
,LRIG2,
,LRIG3,
,LRMP,
,LRP1,
,LRP10,
,LRRC37A2,
,LRRC56,
,LRRC59,
,LRRC8A,
,LRRIQ1,
,LRRK1,
,LSM1,
,LSM12,
,LSM2,
,LSM5,
,LSP1,
,LST1,
,LTA4H,
,LTB,
,LTB4R,
,LUC7L3,
,LURAP1L,
,LXN,
,LY6G6F,
,LY6H,
,LY75,
,LY96,
,LYAR,
,LYN,
,LYPD2,
,LYPLA1,
,LYPLAL1,
,LYRM2,
,LYSMD2,
,LYZ,
,MAB21L1,
,MACC1,
,MADD,
,MAEA,
,MAF1,
,MAFB,
,MAFK,
,MALSU1,
,MAML1,
,MAN2A2,
,MAN2B1,
,MAP2K3,
,MAP3K1,
,MAP3K11,
,MAP3K13,
,MAP3K3,
,MAP3K7CL,
,MAP3K8,
,MAP4,
,MAP4K1,
,MAP4K2,
,MAP4K4,
,MAP7,
,MAP7D1,
,MAP7D3,
,MAPK1,
,MAPK3,
,MAPKAP1,
,MAPKAPK2,
,MAPKAPK3,
,MAPKBP1,
,MAPRE2,
,MARCH2,
,MARCH7,
,MARCH8,
,MARK4,
,MAST3,
,MAST4,
,MASTL,
,MAT2B,
,MAU2,
,MAVS,
,MAX,
,MAZ,
,MBD3,
,MBD4,
,MBD6,
,MBNL3,
,MBP,
,MCFD2,
,MCM2,
,MCM3,
,MCM3AP,
,MCM7,
,MCOLN1,
,MCRIP1,
,MCUB,
,MCUR1,
,MDC1,
,MED13,
,MED13L,
,MED15,
,MED16,
,MED30,
,MED7,
,MEF2C,
,MEF2D,
,MEFV,
,MEGF9,
,MEIS1,
,MEPCE,
,MERTK,
,METRNL,
,METTL15,
,METTL2B,
,METTL4,
,MFAP3L,
,MFHAS1,
,MFN2,
,MFNG,
,MFSD4B,
,MFSD9,
,MGA,
,MGAT4B,
,MGLL,
,MGRN1,
,MGST3,
,MIA3,
,MIB1,
,MICAL2,
,MICALL1,
,MICALL2,
,MICU1,
,MICU2,
,MICU3,
,MIEF1,
,MIER2,
,MIF,
,MIGA1,
,MINK1,
,MIS18BP1,
,MISP3,
,MKNK2,
,MKRN1,
,MLLT1,
,MLLT3,
,MLLT6,
,MLST8,
,MLXIP,
,MMD,
,MMP1,
,MMP14,
,MMP23B,
,MMP9,
,MMRN1,
,MMRN2,
,MNAT1,
,MNDA,
,MNT,
,MOB3A,
,MOB3C,
,MORC3,
,MPC2,
,MPEG1,
,MPLKIP,
,MPO,
,MPP1,
,MPPE1,
,MPRIP,
,MPV17L,
,MRC1,
,MREG,
,MRFAP1L1,
,MROH7,
,MRPL24,
,MRPL53,
,MS4A1,
,MS4A4A,
,MS4A6A,
,MSN,
,MSX1,
,MT1E,
,MT2A,
,MTA2,
,MTDHP3,
,MTERF1,
,MTERF3,
,MTG1,
,MTHFD2L,
,MTHFS,
,MTMR14,
,MTMR4,
,MTPN,
,MTRF1L,
,MTSS1,
,MTURN,
,MUC15,
,MUC2,
,MVP,
,MXD4,
,MXI1,
,MYCBP,
,MYCBP2,
,MYDGF,
,MYEF2,
,MYH10,
,MYH11,
,MYH14,
,MYH9,
,MYL4,
,MYLIP,
,MYLK,
,MYO18A,
,MYO1B,
,MYO1C,
,MYO1E,
,MYO1F,
,MYO1G,
,MYO9B,
,MYZAP,
,MZT1,
,N4BP2L1,
,NAA38,
,NAAA,
,NABP1,
,NACC1,
,NACC2,
,NADK,
,NAMPT,
,NAP1L4,
,NAPA,
,NARS,
,NASP,
,NATD1,
,NBEAL2,
,NBPF15,
,NBPF9,
,NCAM2,
,NCCRP1,
,NCF1,
,NCF1C,
,NCF2,
,NCK2,
,NCKAP1L,
,NCKAP5,
,NCL,
,NCOA2,
,NCOA4,
,NCOA5,
,NCOA6,
,NCOR2,
,NDFIP1,
,NDRG1,
,NDST1,
,NDST2,
,NDUFA3,
,NDUFA4,
,NDUFA5,
,NDUFAF5,
,NDUFB1,
,NDUFB2,
,NDUFB3,
,NECAB3,
,NEDD9,
,NEK9,
,NELFA,
,NEMP2,
,NES,
,NET1,
,NEURL1,
,NEXN,
,NF2,
,NFATC1,
,NFATC3,
,NFE2L1,
,NFIC,
,NFIL3,
,NFIX,
,NFKB1,
,NFX1,
,NGDN,
,NHLRC3,
,NHP2,
,NIN,
,NIPBL,
,NISCH,
,NLRC5,
,NMNAT3,
,NMRK1,
,NMUR1,
,NOC2L,
,NOL4L,
,NOL6,
,NOL8,
,NONO,
,NOP10,
,NOP14,
,NORAD,
,NOS3,
,NOTCH1,
,NPEPL1,
,NPIPP1,
,NPLOC4,
,NPRL3,
,NPTN,
,NR1D1,
,NR1H2,
,NR2C2,
,NR2F2,
,NRBF2,
,NRDC,
,NRDE2,
,NRGN,
,NRP2,
,NRXN1,
,NSUN5P1,
,NSUN6,
,NSUN7,
,NT5C3A,
,NT5DC1,
,NT5M,
,NTAN1,
,NTN1,
,NUBP2,
,NUCB1,
,NUCB2,
,NUDCD1,
,NUDCD2,
,NUDT1,
,NUDT16,
,NUMB,
,NUP153,
,NUP188,
,NUS1,
,OAS3,
,OAZ2,
,OBSCN,
,OCEL1,
,ODF2L,
,OFD1,
,OGDH,
,OGDHL,
,OGFR,
,OGFRL1,
,OPN3,
,OPTN,
,ORAI1,
,ORAI2,
,ORMDL3,
,OSBPL2,
,OSBPL5,
,OSER1,
,OSGEP,
,OST4,
,P4HB,
,PAAF1,
,PABPC4,
,PACS1,
,PACS2,
,PACSIN2,
,PADI2,
,PAIP2,
,PAM16,
,PAN3,
,PAPPA,
,PAQR3,
,PARP1,
,PARP14,
,PARP16,
,PARVB,
,PARVG,
,PASK,
,PATL2,
,PAWR,
,PAX5,
,PBK,
,PBX1,
,PBXIP1,
,PCAT19,
,PCBP1,
,PCBP2,
,PCDH10,
,PCDH17,
,PCDHGB6,
,PCGF2,
,PCGF5,
,PCIF1,
,PCLO,
,PCMTD1,
,PCNP,
,PCNX3,
,PCNX4,
,PCP2,
,PDCD10,
,PDCD1LG2,
,PDCD4,
,PDCD5,
,PDCD6IPP2,
,PDE2A,
,PDE4D,
,PDGFD,
,PDGFRB,
,PDIA4,
,PDIA6,
,PDK4,
,PDLIM1,
,PDLIM2,
,PDLIM5,
,PDXK,
,PDZRN4,
,PEA15,
,PEAK1,
,PEAR1,
,PEBP1,
,PECAM1,
,PELI1,
,PELP1,
,PEX3,
,PEX5,
,PF4,
,PF4V1,
,PFDN6,
,PFKFB3,
,PFKL,
,PFKP,
,PFN1,
,PGC,
,PGD,
,PGGT1B,
,PGP,
,PGPEP1,
,PGRMC1,
,PGS1,
,PHACTR4,
,PHB2,
,PHC2,
,PHF11,
,PHF12,
,PHF2,
,PHF20L1,
,PHF6,
,PHOSPHO2,
,PHRF1,
,PHTF1,
,PHTF2,
,PI3,
,PI4KA,
,PIAS4,
,PIBF1,
,PICALM,
,PICK1,
,PIEZO1,
,PIGBOS1,
,PIGG,
,PIGH,
,PIGQ,
,PIGR,
,PIGS,
,PIGV,
,PIGX,
,PIK3AP1,
,PIK3C2B,
,PIK3CD,
,PIK3CG,
,PIK3IP1,
,PIK3R5,
,PIM1,
,PIM2,
,PIP4K2A,
,PIP5K1C,
,PITHD1,
,PITPNA,
,PITPNM1,
,PITPNM2,
,PITPNM3,
,PITX2,
,PKIG,
,PKN1,
,PKN2,
,PKP2,
,PKP4,
,PLA1A,
,PLA2G12A,
,PLA2R1,
,PLAC8,
,PLAGL1,
,PLAGL2,
,PLBD1,
,PLCD3,
,PLCG1,
,PLCG2,
,PLD3,
,PLEC,
,PLEKHA2,
,PLEKHA4,
,PLEKHA5,
,PLEKHA8P1,
,PLEKHB2,
,PLEKHG3,
,PLEKHM1,
,PLEKHM2,
,PLEKHO1,
,PLEKHO2,
,PLGRKT,
,PLIN3,
,PLP2,
,PLPP1,
,PLXNA3,
,PLXNB1,
,PLXND1,
,PML,
,PMP22,
,PMS1,
,PNP,
,PNPLA2,
,PNPLA6,
,POGLUT1,
,POLD2,
,POLD3,
,POLDIP3,
,POLG2,
,POLR2A,
,POLR2M,
,PON2,
,POU2F2,
,PPBP,
,PPCDC,
,PPIL2,
,PPM1A,
,PPM1F,
,PPM1M,
,PPM1N,
,PPP1CB,
,PPP1R12C,
,PPP1R16B,
,PPP1R18,
,PPP1R2,
,PPP1R35,
,PPP1R9B,
,PPP2R5A,
,PPP2R5C,
,PPP2R5D,
,PPP3CA,
,PPP3CC,
,PPP3R1,
,PPP4R2,
,PPP6R1,
,PPP6R2,
,PPRC1,
,PPT1,
,PPWD1,
,PQLC1,
,PRAM1,
,PRB1,
,PRCD,
,PRDM2,
,PRDX5,
,PREX1,
,PRIM2,
,PRKAB2,
,PRKACA,
,PRKAR2B,
,PRKCB,
,PRKCD,
,PRKCH,
,PRKD2,
,PRMT1,
,PRMT2,
,PRMT9,
,PRNP,
,PROK2,
,PROS1,
,PRPF18,
,PRPF19,
,PRPF39,
,PRR12,
,PRR5L,
,PRSS22,
,PRSS23,
,PRTFDC1,
,PSD4,
,PSMA2,
,PSMB10,
,PSMB9,
,PSMC4,
,PSMD3,
,PSME2,
,PSME3,
,PSTPIP2,
,PTAFR,
,PTBP3,
,PTCRA,
,PTDSS2,
,PTGDR,
,PTGIR,
,PTGS1,
,PTK2,
,PTK2B,
,PTP4A2,
,PTPA,
,PTPN14,
,PTPN18,
,PTPN2,
,PTPN23,
,PTPN6,
,PTPRA,
,PTPRC,
,PTPRJ,
,PTPRK,
,PTPRT,
,PTTG1,
,PXN,
,PYGB,
,PYGL,
,PYHIN1,
,PYROXD1,
,QARS,
,QRICH1,
,QSOX1,
,R3HDM1,
,R3HDM4,
,RAB11FIP1,
,RAB11FIP4,
,RAB13,
,RAB24,
,RAB28,
,RAB31,
,RAB32,
,RAB35,
,RAB3D,
,RAB7A,
,RAB9A,
,RABGAP1L,
,RABIF,
,RAC2,
,RAC3,
,RAD23A,
,RAD51D,
,RAD54L2,
,RAF1,
,RAI1,
,RALGPS1,
,RALY,
,RAMP1,
,RAMP2,
,RANBP1,
,RANBP10,
,RANBP3,
,RANGAP1,
,RANGRF,
,RAP1B,
,RAP1GAP2,
,RAPGEF1,
,RAPGEF2,
,RARA,
,RARRES3,
,RASA3,
,RASA4,
,RASAL3,
,RASGEF1A,
,RASSF2,
,RASSF3,
,RASSF5,
,RAVER1,
,RBBP6,
,RBL2,
,RBM10,
,RBM23,
,RBM26,
,RBM33,
,RBM38,
,RBM45,
,RBMS1,
,RBMS3,
,RBP4,
,RBP7,
,RBSN,
,RBX1,
,RC3H2,
,RCAN1,
,RCN1,
,RCN2,
,RCOR3,
,RCSD1,
,RDX,
,REL,
,REPIN1,
,RERE,
,REXO1,
,RFLNB,
,RFXAP,
,RGCC,
,RGP1,
,RGS1,
,RGS10,
,RGS14,
,RGS18,
,RGS19,
,RGS3,
,RHBDD1,
,RHEB,
,RHOA,
,RHOB,
,RHOC,
,RHOG,
,RIC8A,
,RILPL2,
,RIN2,
,RIN3,
,RIOK3,
,RIPK2,
,RMND5A,
,RMND5B,
,RN7SKP203,
,RN7SKP255,
,RN7SL1,
,RN7SL2,
,RNASE6,
,RNASET2,
,RNF10,
,RNF11,
,RNF115,
,RNF123,
,RNF13,
,RNF144A,
,RNF145,
,RNF149,
,RNF167,
,RNF168,
,RNF19B,
,RNF20,
,RNF220,
,RNF24,
,RNF38,
,RNF40,
,RNF44,
,RNF8,
,RNGTT,
,RNH1,
,RNPC3,
,RNPEP,
,RNPEPL1,
,RNU6ATAC,
,ROBO3,
,ROCK2,
,ROGDI,
,ROPN1L,
,RP9P,
,RPA1,
,RPA3,
,RPF2,
,RPGR,
,RPH3A,
,RPIA,
,RPL22L1,
,RPL32P3,
,RPL34,
,RPL39L,
,RPS23P8,
,RPS3A,
,RPS3AP6,
,RPS4Y1,
,RPS6KA1,
,RPS6KA2,
,RPS6KA5,
,RPS6KB2,
,RRAS2,
,RRN3P3,
,RRP12,
,RSPH1,
,RSRP1,
,RTN3,
,RUBCN,
,RUFY1,
,RUFY3,
,RUNX3,
,RUVBL2,
,RWDD3,
,RWDD4,
,RXRA,
,S100A12,
,S100A4,
,S1PR5,
,SAMD4B,
,SAMHD1,
,SAMSN1,
,SAP130,
,SAP30,
,SAP30L,
,SARAF,
,SARNP,
,SARS,
,SARS2,
,SART3,
,SASH3,
,SATB1,
,SAV1,
,SAYSD1,
,SBDS,
,SBF1,
,SCAND2P,
,SCAP,
,SCMH1,
,SCML1,
,SCN11A,
,SCN1B,
,SCPEP1,
,SCRIB,
,SDC4,
,SDHA,
,SDHAF1,
,SDHAF2,
,SDS,
,SEC14L2,
,SEC16A,
,SEC24C,
,SELENBP1,
,SELENOH,
,SELENOO,
,SELL,
,SELPLG,
,SEMA4D,
,SENCR,
,SENP7,
,SEPT1,
,SEPT5,
,SEPT6,
,SEPT7,
,SEPT7P2,
,SEPT9,
,SERPINA1,
,SERPINA3,
,SERPINE2,
,SERPINF1,
,SERPINI1,
,SERTAD1,
,SESN3,
,SETBP1,
,SETD1A,
,SETD1B,
,SETD3,
,SF3A1,
,SF3A2,
,SF3B3,
,SFR1,
,SFRP1,
,SFRP2,
,SFTPC,
,SGK3,
,SGMS2,
,SGO2,
,SGTA,
,SH2B3,
,SH2D3C,
,SH2D7,
,SH3BGRL2,
,SH3BGRL3,
,SH3BP1,
,SH3BP2,
,SH3GL1,
,SH3KBP1,
,SH3PXD2A,
,SH3TC1,
,SHANK3,
,SHC1,
,SHC4,
,SHISA5,
,SHKBP1,
,SIAH1,
,SIDT1,
,SIGLEC15,
,SIGLEC7,
,SIK1,
,SIK3,
,SIL1,
,SIN3A,
,SIN3B,
,SIPA1,
,SIPA1L3,
,SIRPG,
,SIRT2,
,SIRT3,
,SKA2,
,SKAP2,
,SLA,
,SLAIN2,
,SLC14A1,
,SLC15A3,
,SLC16A3,
,SLC16A7,
,SLC1A3,
,SLC1A5,
,SLC22A15,
,SLC23A2,
,SLC24A1,
,SLC25A11,
,SLC25A23,
,SLC25A24,
,SLC25A37,
,SLC25A39,
,SLC26A2,
,SLC27A3,
,SLC2A1,
,SLC2A3,
,SLC2A4RG,
,SLC30A5,
,SLC30A7,
,SLC31A2,
,SLC35A4,
,SLC35E3,
,SLC36A1,
,SLC36A4,
,SLC39A10,
,SLC39A3,
,SLC39A8,
,SLC40A1,
,SLC41A2,
,SLC44A1,
,SLC44A2,
,SLC4A1,
,SLC4A4,
,SLC4A7,
,SLC52A2,
,SLC5A3,
,SLC6A6,
,SLC6A8,
,SLC7A11,
,SLC7A7,
,SLC8A1,
,SLF1,
,SLFN12,
,SLFN13,
,SLFN5,
,SLPI,
,SLX4IP,
,SMAP1,
,SMARCA2,
,SMARCB1,
,SMARCC1,
,SMARCC2,
,SMC4,
,SMCHD1,
,SMCR8,
,SMG1,
,SMG1P1,
,SMG1P5,
,SMG7,
,SMIM1,
,SMIM10,
,SMIM10L1,
,SMIM5,
,SMKR1,
,SMN2,
,SMOX,
,SMS,
,SNAI1,
,SNCA,
,SND1,
,SNHG1,
,SNHG11,
,SNHG19,
,SNHG20,
,SNHG3,
,SNHG6,
,SNHG9,
,SNIP1,
,SNN,
,SNORA12,
,SNRK,
,SNRNP27,
,SNRNP48,
,SNRPA1,
,SNU13,
,SNX10,
,SNX14,
,SNX3,
,SNX8,
,SNX9,
,SOD2,
,SORBS3,
,SORL1,
,SOX2,
,SOX4,
,SOX7,
,SP1,
,SP110,
,SP2,
,SPAG1,
,SPARCL1,
,SPATA2L,
,SPATS2,
,SPC25,
,SPECC1,
,SPI1,
,SPIN3,
,SPINT1,
,SPNS1,
,SPP1,
,SPPL2B,
,SPRTN,
,SPRYD3,
,SPSB3,
,SPTA1,
,SPTAN1,
,SPTB,
,SPTBN1,
,SPTLC2,
,SQSTM1,
,SREBF2,
,SRF,
,SRFBP1,
,SRGAP1,
,SRGAP2B,
,SRM,
,SRP19,
,SRPK1,
,SRRT,
,SRSF1,
,SRSF10,
,SRSF8,
,SSH1,
,SSH2,
,SSX2IP,
,ST3GAL6,
,ST6GALNAC1,
,ST6GALNAC3,
,ST6GALNAC4,
,ST6GALNAC6,
,ST8SIA4,
,ST8SIA6,
,STAG3,
,STAG3L3,
,STAG3L5P,
,STAMBPL1,
,STARD3,
,STARD3NL,
,STARD5,
,STAT1,
,STAT5A,
,STAT5B,
,STAT6,
,STIM2,
,STIP1,
,STK10,
,STK17A,
,STK25,
,STK4,
,STK40,
,STMN1,
,STOM,
,STON2,
,STRADB,
,STRAP,
,STRN4,
,STX10,
,STXBP2,
,SUB1,
,SUCNR1,
,SULT1B1,
,SUMF2,
,SUN2,
,SUPV3L1,
,SUSD1,
,SUZ12P1,
,SVIL,
,SVIP,
,SWAP70,
,SWI5,
,SYK,
,SYMPK,
,SYNC,
,SYNE1,
,SYNE2,
,SYNGR1,
,SYNGR2,
,SYNPO,
,SYTL3,
,SZRD1,
,TACC1,
,TACC3,
,TADA3,
,TAF1,
,TAF11,
,TAF12,
,TAF15,
,TAF1B,
,TAF1D,
,TAF5,
,TAGAP,
,TAL1,
,TALDO1,
,TANGO2,
,TAOK3,
,TAS1R3,
,TBC1D1,
,TBC1D10B,
,TBC1D10C,
,TBC1D12,
,TBC1D13,
,TBC1D19,
,TBC1D32,
,TBC1D9B,
,TBCD,
,TBL1X,
,TBRG1,
,TBX21,
,TBX3,
,TCEA2,
,TCEAL9,
,TCF20,
,TCF3,
,TCF7,
,TCN2,
,TCP11L2,
,TECPR1,
,TECPR2,
,TEFM,
,TEKT4P2,
,TERF1,
,TESC,
,TESK1,
,TET2,
,TET3,
,TEX2,
,TFDP1,
,TFE3,
,TFF3,
,TFIP11,
,TFRC,
,TGFBI,
,TGM2,
,THBD,
,THBS4,
,THEM4,
,THEMIS2,
,THOC2,
,THOC3,
,THRA,
,THUMPD2,
,TIA1,
,TIFA,
,TIMP4,
,TINAGL1,
,TINF2,
,TJP1,
,TKT,
,TLCD2,
,TLE3,
,TLN1,
,TLR10,
,TLR2,
,TM4SF5,
,TM6SF1,
,TMA16,
,TMC5,
,TMCC2,
,TMED1,
,TMEM106A,
,TMEM128,
,TMEM14A,
,TMEM14C,
,TMEM150A,
,TMEM167A,
,TMEM168,
,TMEM17,
,TMEM170A,
,TMEM175,
,TMEM184A,
,TMEM184B,
,TMEM185A,
,TMEM19,
,TMEM198B,
,TMEM218,
,TMEM233,
,TMEM258,
,TMEM40,
,TMEM41A,
,TMEM42,
,TMEM50B,
,TMEM63B,
,TMEM87A,
,TMEM87B,
,TMEM94,
,TMOD3,
,TMSB15A,
,TMX1,
,TMX3,
,TMX4,
,TNFAIP2,
,TNFAIP8,
,TNFRSF13C,
,TNFRSF14,
,TNFRSF18,
,TNFRSF1A,
,TNFRSF25,
,TNFRSF4,
,TNFSF10,
,TNFSF12,
,TNFSF13B,
,TNFSF4,
,TNIP1,
,TNK2,
,TNKS1BP1,
,TNNC2,
,TNPO2,
,TNRC18,
,TNRC6C,
,TNS1,
,TNS2,
,TNS3,
,TNS4,
,TNXB,
,TOB2,
,TOLLIP,
,TOM1,
,TOMM7,
,TP53,
,TP53I13,
,TP53INP2,
,TPCN2,
,TPD52L1,
,TPH1,
,TPI1,
,TPM2,
,TPM3,
,TPRN,
,TPSB2,
,TPTE2P5,
,TRAK1,
,TRAK2,
,TRANK1,
,TRAPPC1,
,TRAPPC10,
,TRAPPC13,
,TRAPPC2B,
,TRAPPC3L,
,TRAPPC5,
,TRAPPC9,
,TRAT1,
,TRBC2,
,TRDC,
,TREM1,
,TRGV7,
,TRHDE,
,TRIB2,
,TRIM26,
,TRIM28,
,TRIM41,
,TRIM56,
,TRIM58,
,TRIM8,
,TRIO,
,TRIOBP,
,TRIP11,
,TRIP12,
,TRMT13,
,TRMT61B,
,TRNT1,
,TRPM2,
,TRPM4,
,TRPM6,
,TRRAP,
,TSC2,
,TSC22D1,
,TSC22D2,
,TSC22D3,
,TSC22D4,
,TSGA10,
,TSPAN1,
,TSPAN14,
,TSPAN17,
,TSPAN18,
,TSPAN2,
,TTC14,
,TTC19,
,TTC21B,
,TTLL12,
,TTLL7,
,TTR,
,TTYH3,
,TUBA4A,
,TUBB,
,TUBB1,
,TUBG1,
,TUBGCP6,
,TULP3,
,TULP4,
,TVP23A,
,TWF1,
,TWF2,
,TWISTNB,
,TWSG1,
,TXN,
,TYK2,
,TYMP,
,TYMS,
,TYMSOS,
,TYROBP,
,TYW5,
,U2AF1,
,U2AF2,
,UACA,
,UBAC1,
,UBALD2,
,UBAP1,
,UBAP2,
,UBE2D1,
,UBE2E2,
,UBE2E3,
,UBE2H,
,UBE2L6,
,UBE2O,
,UBE2Q2P1,
,UBE2R2,
,UBE2T,
,UBE2W,
,UBL4A,
,UBLCP1,
,UBR2,
,UBR4,
,UBTF,
,UBXN1,
,UBXN2A,
,UBXN6,
,UCP2,
,UEVLD,
,UGCG,
,UGT8,
,UHMK1,
,UHRF2,
,ULK3,
,UNC93B1,
,UPF3A,
,UPF3B,
,UQCRC2,
,URGCP,
,USP11,
,USP12,
,USP20,
,USP24,
,USP35,
,USP4,
,UTRN,
,UVSSA,
,VAMP1,
,VAMP3,
,VAMP4,
,VASH1,
,VASP,
,VAT1,
,VAV1,
,VAV2,
,VCL,
,VCPKMT,
,VEGFA,
,VILL,
,VIPR1,
,VIPR2,
,VKORC1,
,VMA21,
,VMAC,
,VMO1,
,VMP1,
,VNN1,
,VNN2,
,VOPP1,
,VPS13C,
,VPS13D,
,VPS26B,
,VPS39,
,VPS53,
,WARS,
,WAS,
,WASF1,
,WASH3P,
,WBP11,
,WBP1L,
,WBP2,
,WDFY4,
,WDR1,
,WDR20,
,WDR26,
,WDR53,
,WDR6,
,WDR73,
,WDR81,
,WDSUB1,
,WDTC1,
,WFDC2,
,WHAMM,
,WHAMMP2,
,WHAMMP3,
,WIPF1,
,WIPF2,
,WNK1,
,WWC3,
,WWP2,
,WWTR1,
,XAB2,
,XCL1,
,XCL2,
,XIST,
,XK,
,XKR6,
,XPA,
,XPO1,
,XPO6,
,XRCC4,
,YIPF4,
,YLPM1,
,YOD1,
,YPEL5,
,YWHAH,
,YY1AP1,
,ZAP70,
,ZBTB10,
,ZBTB16,
,ZBTB25,
,ZBTB38,
,ZBTB49,
,ZBTB7B,
,ZC3H11A,
,ZC3H18,
,ZC3H7B,
,ZCCHC10,
,ZCCHC24,
,ZDBF2,
,ZDHHC13,
,ZDHHC17,
,ZDHHC20,
,ZDHHC8,
,ZEB1,
,ZEB2,
,ZER1,
,ZFAND5,
,ZFAS1,
,ZFC3H1,
,ZFYVE16,
,ZHX2,
,ZMAT1,
,ZMIZ1,
,ZMIZ2,
,ZMPSTE24,
,ZMYM1,
,ZMYND10,
,ZMYND8,
,ZNF106,
,ZNF131,
,ZNF138,
,ZNF169,
,ZNF174,
,ZNF185,
,ZNF195,
,ZNF217,
,ZNF22,
,ZNF267,
,ZNF271P,
,ZNF322,
,ZNF326,
,ZNF35,
,ZNF354B,
,ZNF358,
,ZNF362,
,ZNF366,
,ZNF37BP,
,ZNF384,
,ZNF385A,
,ZNF397,
,ZNF410,
,ZNF429,
,ZNF431,
,ZNF493,
,ZNF506,
,ZNF516,
,ZNF518A,
,ZNF519,
,ZNF546,
,ZNF580,
,ZNF592,
,ZNF609,
,ZNF646,
,ZNF649,
,ZNF678,
,ZNF687,
,ZNF699,
,ZNF703,
,ZNF708,
,ZNF71,
,ZNF714,
,ZNF718,
,ZNF721,
,ZNF767P,
,ZNF768,
,ZNF800,
,ZNF821,
,ZNF831,
,ZNF85,
,ZNF852,
,ZNF92,
,ZNFX1,
,ZSWIM8,
,,
,,
,,
,,
,,
,,
,,
,,
,,
,,
,,
,,
,,
,,
,,
,,
,,
,,
,,
,,
,,
,,
,,
,,
,,
,,
,,
,,
,,
,,
,,
,,
,,
,,
,,
,,
,,
,,
,,
,,
,,
,,
,,
,,
,,
,,
,,
,,
,,
,,
,,
,,
,,
,,
,,
,,
,,
,,
,,
,,
,,
,,
,,
,,
,,
,,
,,
,,
,,
,,
,,
,,
,,
,,
,,
,,
,,
,,
,,
,,
,,
,,
,,
,,
,,
,,
,,
,,
,,
,,
,,
,,
,,
,,
,,
,,
,,
,,
,,
,,
,,
,,
,,
,,
,,
,,
,,
,,
,,
,,
,,
,,
,,
,,
,,
,,
,,
,,
,,
,,
,,
,,
,,
,,
,,
,,
,,
,,
,,
,,
,,
,,
,,
,,
,,
,,
,,
,,
,,
,,
,,
,,
,,
,,
,,
,,
,,
,,
,,
,,
,,
,,
,,
,,
,,
,,
,,
,,
,,
,,
,,
,,
,,
,,
,,
,,
,,
,,
,,
,,
,,
,,
,,
,,
,,
,,
,,
,,
,,
,,
,,
,,
,,
,,
,,
,,
,,
,,
,,
,,
,,
,,
,,
,,
,,
,,
,,
,,
,,
,,
,,
,,
,,
,,
,,
,,
,,
,,
,,
,,
,,
,,
,,
,,
,,
,,
,,
,,
,,
,,
,,
,,
,,
,,
,,
,,
,,
,,
,,
,,
,,
,,
,,
,,
,,
,,
,,
,,
,,
,,
,,
,,
,,
,,
,,
,,
,,
,,
,,
,,
,,
,,
,,
,,
,,
,,
,,
,,
,,
,,
,,
,,
,,
,,
,,
,,
,,
,,
,,
,,
,,
,,
,,
,,
,,
,,
,,
,,
,,
,,
,,
,,
,,
,,
,,
,,
,,
,,
,,
,,
,,
,,
,,
,,
,,
,,
,,
,,
,,
,,
,,
,,
,,
,,
,,
,,
,,
,,
,,
,,
,,
,,
,,
,,
,,
,,
,,
,,
,,
,,
,,
,,
,,
,,
,,
,,
,,
,,
,,
,,
,,
,,
,,
,,
,,
,,
,,
,,
,,
,,
,,
,,
,,
,,
,,
,,
,,
,,
,,
,,
,,
,,
,,
,,
,,
,,
,,
,,
,,
,,
,,
,,
,,
,,
,,
,,
,,
,,
,,
,,
,,
,,
,,
,,
,,
,,
,,
,,
,,
,,
,,
,,
,,
,,
,,
,,
,,
,,
,,
,,
,,
,,
,,
,,
,,
,,
,,
,,
,,
,,
,,
,,
,,
,,
,,
,,
,,
,,
,,
,,
,,
,,
,,
,,
,,
,,
,,
,,
,,
,,
,,
,,
,,
,,
,,
,,
,,
,,
,,
,,
,,
,,
,,
,,
,,
,,
,,
,,
,,
,,
,,
,,
,,
,,
,,
,,
,,
,,
,,
,,
,,
,,
,,
,,
,,
,,
,,
,,
,,
,,
,,
,,
,,
,,
,,
,,
,,
,,
,,
,,
,,
,,
,,
,,
,,
,,
,,
,,
,,
,,
,,
,,
,,
,,
,,
,,
,,
,,
,,
,,
,,
,,
,,
,,
,,
,,
,,
,,
,,
,,
,,
,,
,,
,,
,,
,,
,,
,,
,,
,,
,,
,,
,,
,,
,,
,,
,,
,,
,,
,,
,,
,,
,,
,,
,,
,,
,,
,,
,,
,,
,,
,,
,,
,,
,,
,,
,,
,,
,,
,,
,,
,,
,,
,,
,,
,,
,,
,,
,,
,,
,,
,,
,,
,,
,,
,,
,,
,,
,,
,,
,,
,,
,,
,,
,,
,,
,,
,,
,,
,,
,,
,,
,,
,,
,,
,,
,,
,,
,,
,,
,,
,,
,,
,,
,,
,,
,,
,,
,,
,,
,,
,,
,,
,,
,,
,,
,,
,,
,,
,,
,,
,,
,,
,,
,,
,,
,,
,,
,,
,,
,,
,,
,,
,,
,,
,,
,,
,,
,,
,,
,,
,,
,,
,,
,,
,,
,,
,,
,,
,,
,,
,,
,,
,,
,,
,,
,,
,,
,,
,,
,,
,,
,,
,,
,,
,,
,,
,,
,,
,,
,,
,,
,,
,,
,,
,,
,,
,,
,,
,,
,,
,,
,,
,,
,,
,,
,,
,,
,,
,,
,,
,,
,,
,,
,,
,,
,,
,,
,,
,,
,,
,,
,,
,,
,,
,,
,,
,,
,,
,,
,,
,,
,,
,,
,,
,,
,,
,,
,,
,,
,,
,,
,,
,,
,,
,,
,,
,,
,,
,,
,,
,,
,,
,,
,,
,,
,,
,,
,,
,,
,,
,,
,,
,,
,,
,,
,,
,,
,,
,,
,,
,,
,,
,,
,,
,,
,,
,,
,,
,,
,,
,,
,,
,,
,,
,,
,,
,,
,,
,,
,,
,,
,,
,,
,,
,,
,,
,,
,,
,,
,,
,,
,,
,,
,,
,,
,,
,,
,,
,,
,,
,,
,,
,,
,,
,,
,,
,,
,,
,,
,,
,,
,,
,,
,,
,,
,,
,,
,,
,,
,,
,,
,,
,,
,,
,,
,,
,,
,,
,,
,,
,,
,,
,,
,,
,,
,,
,,
,,
,,
,,
,,
,,
,,
,,
,,
,,
,,
,,
,,
,,
,,
,,
,,
,,
,,
,,
,,
,,
,,
,,
,,
,,
,,
,,
,,
,,
,,
,,
,,
,,
,,
,,
,,
,,
,,
,,
,,
,,
,,
,,
,,
,,
,,
,,
,,
,,
,,
,,
,,
,,
,,
,,
,,
,,
,,
,,
,,
,,
,,
,,
,,
,,
,,
,,
,,
,,
,,
,,
,,
,,
,,
,,
,,
,,
,,
,,
,,
,,
,,
,,
,,
,,
,,
,,
,,
,,
,,
,,
,,
,,
,,
,,
,,
,,
,,
,,
,,
,,
,,
,,
,,
,,
,,
,,
,,
,,
,,
,,
,,
,,
,,
,,
,,
,,
,,
,,
,,
,,
,,
,,
,,
,,
,,
,,
,,
,,
,,
,,
,,
,,
,,
,,
,,
,,
,,
,,
,,
,,
,,
,,
,,
,,
,,
,,
,,
,,
,,
,,
,,
,,
,,
,,
,,
,,
,,
,,
,,
,,
,,
,,
,,
,,
,,
,,
,,
,,
,,
,,
,,
,,
,,
,,
,,
,,
,,
,,
,,
,,
,,
,,
,,
,,
,,
,,
,,
,,
,,
,,
,,
,,
,,
,,
,,
,,
,,
,,
,,
,,
,,
,,
,,
,,
,,
,,
,,
,,
,,
,,
,,
,,
,,
,,
,,
,,
,,
,,
,,
,,
,,
,,
,,
,,
,,
,,
,,
,,
,,
,,
,,
,,
,,
,,
,,
,,
,,
,,
,,
,,
,,
,,
,,
,,
,,
,,
,,
,,
,,
,,
,,
,,
,,
,,
,,
,,
,,
,,
,,
,,
,,
,,
,,
,,
,,
,,
,,
,,
,,
,,
,,
,,
,,
,,
,,
,,
,,
,,
,,
,,
,,
,,
,,
,,
,,
,,
,,
,,
,,
,,
,,
,,
,,
,,
,,
,,
,,
,,
,,
,,
,,
,,
,,
,,
,,
,,
,,
,,
,,
,,
,,
,,
,,
,,
,,
,,
,,
,,
,,
,,
,,
,,
,,
,,
,,
,,
,,
,,
,,
,,
,,
,,
,,
,,
,,
,,
,,
,,
,,
,,
,,
,,
,,
,,
,,
,,
,,
,,
,,
,,
,,
,,
,,
,,
,,
,,
,,
,,
,,
,,
,,
,,
,,
,,
,,
,,
,,
,,
,,
,,
,,
,,
,,
,,
,,
,,
,,
,,
,,
,,
,,
,,
,,
,,
,,
,,
,,
,,
,,
,,
,,
,,
,,
,,
,,
,,
,,
,,
,,
,,
,,
,,
,,
,,
,,
,,
,,
,,
,,
,,
,,
,,
,,
,,
,,
,,
,,
,,
,,
,,
,,
,,
,,
,,
,,
,,
,,
,,
,,
,,
,,
,,
,,
,,
,,
,,
,,
,,
,,
,,
,,
,,
,,
,,
,,
,,
,,
,,
,,
,,
,,
,,
,,
,,
,,
,,
,,
,,
,,
,,
,,
,,
,,
,,
,,
,,
,,
,,
,,
,,
,,
,,
,,
,,
,,
,,
,,
,,
,,
,,
,,
,,
,,
,,
,,
,,
,,
,,
,,
,,
,,
,,
,,
,,
,,
,,
,,
,,
,,
,,
,,
,,
,,
,,
,,
,,
,,
,,
,,
,,
,,
,,
,,
,,
,,
,,
,,
,,
,,
,,
,,
,,
,,
,,
,,
,,
,,
,,
,,
,,
,,
,,
,,
,,
,,
,,
,,
,,
,,
,,
,,
,,
,,
,,
,,
,,
,,
,,
,,
,,
,,
,,
,,
,,
,,
,,
,,
,,
,,
,,
,,
,,
,,
,,
,,
,,
,,
,,
,,
,,
,,
,,
,,
,,
,,
,,
,,
,,
,,
,,
,,
,,
,,
,,
,,
,,
,,
,,
,,
,,
,,
,,
,,
,,
,,
,,
,,
,,
,,
,,
,,
,,
,,
,,
,,
,,
,,
,,
,,
,,
,,
,,
,,
,,
,,
,,
,,
,,
,,
,,
,,
,,
,,
,,
,,
,,
,,
,,
,,
,,
,,
,,
,,
,,
,,
,,
,,
,,
,,
,,
,,
,,
,,
,,
,,
,,
,,
,,
,,
,,
,,
,,
,,
,,
,,
,,
,,
,,
,,
,,
,,
,,
,,
,,
,,
,,
,,
,,
,,
,,
,,
,,
,,
,,
,,
,,
,,
,,
,,
,,
,,
,,
,,
,,
,,
,,
,,
,,
,,
,,
,,
,,
,,
,,
,,
,,
,,
,,
,,
,,
,,
,,
,,
,,
,,
,,
,,
,,
,,
,,
,,
,,
,,
,,
,,
,,
,,
,,
,,
,,
,,
,,
,,
,,
,,
,,
,,
,,
,,
,,
,,
,,
,,
,,
,,
,,
,,
,,
,,
,,
,,
,,
,,
,,
,,
,,
,,
,,
,,
,,
,,
,,
,,
,,
,,
,,
,,
,,
,,
,,
,,
,,
,,
,,
,,
,,
,,
,,
,,
,,
,,
,,
,,
,,
,,
,,
,,
,,
,,
,,
,,
,,
,,
,,
,,
,,
,,
,,
,,
,,
,,
,,
,,
,,
,,
,,
,,
,,
,,
,,
,,
,,
,,
,,
,,
,,
,,
,,
,,
,,
,,
,,
,,
,,
,,
,,
,,
,,
,,
,,
,,
,,
,,
,,
,,
,,
,,
,,
,,
,,
,,
,,
,,
,,
,,
,,
,,
,,
,,
,,
,,
,,
,,
,,
,,
,,
,,
,,
,,
,,
,,
,,
,,
,,
,,
,,
,,
,,
,,
,,
,,
,,
,,
,,
,,
,,
,,
,,
,,
,,
,,
,,
,,
,,
,,
,,
,,
,,
,,
,,
,,
,,
,,
,,
,,
,,
,,
,,
,,
,,
,,
,,
,,
,,
,,
,,
,,
,,
,,
,,
,,
,,
,,
,,
,,
,,
,,
,,
,,
,,
,,
,,
,,
,,
,,
,,
,,
,,
,,
,,
,,
,,
,,
,,
,,
,,
,,
,,
,,
,,
,,
,,
,,
,,
,,
,,
,,
,,
,,
,,
,,
,,
,,
,,
,,
,,
,,
,,
,,
,,
,,
,,
,,
,,
,,
,,
,,
,,
,,
,,
,,
,,
,,
,,
,,
,,
,,
,,
,,
,,
,,
,,
,,
,,
,,
,,
,,
,,
,,
,,
,,
,,
,,
,,
,,
,,
,,
,,
,,
,,
,,
,,
,,
,,
,,
,,
,,
,,
,,
,,
,,
,,
,,
,,
,,
,,
,,
,,
,,
,,
,,
,,
,,
,,
,,
,,
,,
,,
,,
,,
,,
,,
,,
,,
,,
,,
,,
,,
,,
,,
,,
,,
,,
,,
,,
,,
,,
,,
,,
,,
,,
,,
,,
,,
,,
,,
,,
,,
,,
,,
,,
,,
,,
,,
,,
,,
,,
,,
,,
,,
,,
,,
,,
,,
,,
,,
,,
,,
,,
,,
,,
,,
,,
,,
,,
,,
,,
,,
,,
,,
,,
,,
,,
,,
,,
,,
,,
,,
,,
,,
,,
,,
,,
,,
,,
,,
,,
,,
,,
,,
,,
,,
,,
,,
,,
,,
,,
,,
,,
,,
,,
,,
,,
,,
,,
,,
,,
,,
,,
,,
,,
,,
,,
,,
,,
,,
,,
,,
,,
,,
,,
,,
,,
,,
,,
,,
,,
,,
,,
,,
,,
,,
,,
,,
,,
,,
,,
,,
,,
,,
,,
,,
,,
,,
,,
,,
,,
,,
,,
,,
,,
,,
,,
,,
,,
,,
,,
,,
,,
,,
,,
,,
,,
,,
,,
,,
,,
,,
,,
,,
,,
,,
,,
,,
,,
,,
,,
,,
,,
,,
,,
,,
,,
,,
,,
,,
,,
,,
,,
,,
,,
,,
,,
,,
,,
,,
,,
,,
,,
,,
,,
,,
,,
,,
,,
,,
,,
,,
,,
,,
,,
,,
,,
,,
,,
,,
,,
,,
,,
,,
,,
,,
,,
,,
,,
,,
,,
,,
,,
,,
,,
,,
,,
,,
,,
,,
,,
,,
,,
,,
,,
,,
,,
,,
,,
,,
,,
,,
,,
,,
,,
,,
,,
,,
,,
,,
,,
,,
,,
,,
,,
,,
,,
,,
,,
,,
,,
,,
,,
,,
,,
,,
,,
,,
,,
,,
,,
,,
,,
,,
,,
,,
,,
,,
,,
,,
,,
,,
,,
,,
,,
,,
,,
,,
,,
,,
,,
,,
,,
,,
,,
,,
,,
,,
,,
,,
,,
,,
,,
,,
,,
,,
,,
,,
,,
,,
,,
,,
,,
,,
,,
,,
,,
,,
,,
,,
,,
,,
,,
,,
,,
,,
,,
,,
,,
,,
,,
,,
,,
,,
,,
,,
,,
,,
,,
,,
,,
,,
,,
,,
,,
,,
,,
,,
,,
,,
,,
,,
,,
,,
,,
,,
,,
,,
,,
,,
,,
,,
,,
,,
,,
,,
,,
,,
,,
,,
,,
,,
,,
,,
,,
,,
,,
,,
,,
,,
,,
,,
,,
,,
,,
,,
,,
,,
,,
,,
,,
,,
,,
,,
,,
,,
,,
,,
,,
,,
,,
,,
,,
,,
,,
,,
,,
,,
,,
,,
,,
,,
,,
,,
,,
,,
,,
,,
,,
,,
,,
,,
,,
,,
,,
,,
,,
,,
,,
,,
,,
,,
,,
,,
,,
,,
,,
,,
,,
,,
,,
,,
,,
,,
,,
,,
,,
,,
,,
,,
,,
,,
,,
,,
,,
,,
,,
,,
,,
,,
,,
,,
,,
,,
,,
,,
,,
,,
,,
,,
,,
,,
,,
,,
,,
,,
,,
,,
,,
,,
,,
,,
,,
,,
,,
,,
,,
,,
,,
,,
,,
,,
,,
,,
,,
,,
,,
,,
,,
,,
,,
,,
,,
,,
,,
,,
,,
,,
,,
,,
,,
,,
,,
,,
,,
,,
,,
,,
,,
,,
,,
,,
,,
,,
,,
,,
,,
,,
,,
,,
,,
,,
,,
,,
,,
,,
,,
,,
,,
,,
,,
,,
,,
,,
,,
,,
,,
,,
,,
,,
,,
,,
,,
,,
,,
,,
,,
,,
,,
,,
,,
,,
,,
,,
,,
,,
,,
,,
,,
,,
,,
,,
,,
,,
,,
,,
,,
,,
,,
,,
,,
,,
,,
,,
,,
,,
,,
,,
,,
,,
,,
,,
,,
,,
,,
,,
,,
,,
,,
,,
,,
,,
,,
,,
,,
,,
,,
,,
,,
,,
,,
,,
,,
,,
,,
,,
,,
,,
,,
,,
,,
,,
,,
,,
,,
,,
,,
,,
,,
,,
,,
,,
,,
,,
,,
,,
,,
,,
,,
,,
,,
,,
,,
,,
,,
,,
,,
,,
,,
,,
,,
,,
,,
,,
,,
,,
,,
,,
,,
,,
,,
,,
,,
,,
,,
,,
,,
,,
,,
,,
,,
,,
,,
,,
,,
,,
,,
,,
,,
,,
,,
,,
,,
,,
,,
,,
,,
,,
,,
,,
,,
,,
,,
,,
,,
,,
,,
,,
,,
,,
,,
,,
,,
,,
,,
,,
,,
,,
,,
,,
,,
,,
,,
,,
,,
,,
,,
,,
,,
,,
,,
,,
,,
,,
,,
,,
,,
,,
,,
,,
,,
,,
,,
,,
,,
,,
,,
,,
,,
,,
,,
,,
,,
,,
,,
,,
,,
,,
,,
,,
,,
,,
,,
,,
,,
,,
,,
,,
,,
,,
,,
,,
,,
,,
,,
,,
,,
,,
,,
,,
,,
,,
,,
,,
,,
,,
,,
,,
,,
,,
,,
,,
,,
,,
,,
,,
,,
,,
,,
,,
,,
,,
,,
,,
,,
,,
,,
,,
,,
,,
,,
,,
,,
,,
,,
,,
,,
,,
,,
,,
,,
,,
,,
,,
,,
,,
,,
,,
,,
,,
,,
,,
,,
,,
,,
,,
,,
,,
,,
,,
,,
,,
,,
,,
,,
,,
,,
,,
,,
,,
,,
,,
,,
,,
,,
,,
,,
,,
,,
,,
,,
,,
,,
,,
,,
,,
,,
,,
,,
,,
,,
,,
,,
,,
,,
,,
,,
,,
,,
,,
,,
,,
,,
,,
,,
,,
,,
,,
,,
,,
,,
,,
,,
,,
,,
,,
,,
,,
,,
,,
,,
,,
,,
,,
,,
,,
,,
,,
,,
,,
,,
,,
,,
,,
,,
,,
,,
,,
,,
,,
,,
,,
,,
,,
,,
,,
,,
,,
,,
,,
,,
,,
,,
,,
,,
,,
,,
,,
,,
,,
,,
,,
,,
,,
,,
,,
,,
,,
,,
,,
,,
,,
,,
,,
,,
,,
,,
,,
,,
,,
,,
,,
,,
,,
,,
,,
,,
,,
,,
,,
,,
,,
,,
,,
,,
,,
,,
,,
,,
,,
,,
,,
,,
,,
,,
,,
,,
,,
,,
,,
,,
,,
,,
,,
,,
,,
,,
,,
,,
,,
,,
,,
,,
,,
,,
,,
,,
,,
,,
,,
,,
,,
,,
,,
,,
,,
,,
,,
,,
,,
,,
,,
,,
,,
,,
,,
,,
,,
,,
,,
,,
,,
,,
,,
,,
,,
,,
,,
,,
,,
,,
,,
,,
,,
,,
,,
,,
,,
,,
,,
,,
,,
,,
,,
,,
,,
,,
,,
,,
,,
,,
,,
,,
,,
,,
,,
,,
,,
,,
,,
,,
,,
,,
,,
,,
,,
,,
,,
,,
,,
,,
,,
,,
,,
,,
,,
,,
,,
,,
,,
,,
,,
,,
,,
,,
,,
,,
,,
,,
,,
,,
,,
,,
,,
,,
,,
,,
,,
,,
,,
,,
,,
,,
,,
,,
,,
,,
,,
,,
,,
,,
,,
,,
,,
,,
,,
,,
,,
,,
,,
,,
,,
,,
,,
,,
,,
,,
,,
,,
,,
,,
,,
,,
,,
,,
,,
,,
,,
,,
,,
,,
,,
,,
,,
,,
,,
,,
,,
,,
,,
,,
,,
,,
,,
,,
,,
,,
,,
,,
,,
,,
,,
,,
,,
,,
,,
,,
,,
,,
,,
,,
,,
,,
,,
,,
,,
,,
,,
,,
,,
,,
,,
,,
,,
,,
,,
,,
,,
,,
,,
,,
,,
,,
,,
,,
,,
,,
,,
,,
,,
,,
,,
,,
,,
,,
,,
,,
,,
,,
,,
,,
,,
,,
,,
,,
,,
,,
,,
,,
,,
,,
,,
,,
,,
,,
,,
,,
,,
,,
,,
,,
,,
,,
,,
,,
,,
,,
,,
,,
,,
,,
,,
,,
,,
,,
,,
,,
,,
,,
,,
,,
,,
,,
,,
,,
,,
,,
,,
,,
,,
,,
,,
,,
,,
,,
,,
,,
,,
,,
,,
,,
,,
,,
,,
,,
,,
,,
,,
,,
,,
,,
,,
,,
,,
,,
,,
,,
,,
,,
,,
,,
,,
,,
,,
,,
,,
,,
,,
,,
,,
,,
,,
,,
,,
,,
,,
,,
,,
,,
,,
,,
,,
,,
,,
,,
,,
,,
,,
,,
,,
,,
,,
,,
,,
,,
,,
,,
,,
,,
,,
,,
,,
,,
,,
,,
,,
,,
,,
,,
,,
,,
,,
,,
,,
,,
,,
,,
,,
,,
,,
,,
,,
,,
,,
,,
,,
,,
,,
,,
,,
,,
,,
,,
,,
,,
,,
,,
,,
,,
,,
,,
,,
,,
,,
,,
,,
,,
,,
,,
,,
,,
,,
,,
,,
,,
,,
,,
,,
,,
,,
,,
,,
,,
,,
,,
,,
,,
,,
,,
,,
,,
,,
,,
,,
,,
,,
,,
,,
,,
,,
,,
,,
,,
,,
,,
,,
,,
,,
,,
,,
,,
,,
,,
,,
,,
,,
,,
,,
,,
,,
,,
,,
,,
,,
,,
,,
,,
,,
,,
,,
,,
,,
,,
,,
,,
,,
,,
,,
,,
,,
,,
,,
,,
,,
,,
,,
,,
,,
,,
,,
,,
,,
,,
,,
,,
,,
,,
,,
,,
,,
,,
,,
,,
,,
,,
,,
,,
,,
,,
,,
,,
,,
,,
,,
,,
,,
,,
,,
,,
,,
,,
,,
,,
,,
,,
,,
,,
,,
,,
,,
,,
,,
,,
,,
,,
,,
,,
,,
,,
,,
,,
,,
,,
,,
,,
,,
,,
,,
,,
,,
,,
,,
,,
,,
,,
,,
,,
,,
,,
,,
,,
,,
,,
,,
,,
,,
,,
,,
,,
,,
,,
,,
,,
,,
,,
,,
,,
,,
,,
,,
,,
,,
,,
,,
,,
,,
,,
,,
,,
,,
,,
,,
,,
,,
,,
,,
,,
,,
,,
,,
,,
,,
,,
,,
,,
,,
,,
,,
,,
,,
,,
,,
,,
,,
,,
,,
,,
,,
,,
,,
,,
,,
,,
,,
,,
,,
,,
,,
,,
,,
,,
,,
,,
,,
,,
,,
,,
,,
,,
,,
,,
,,
,,
,,
,,
,,
,,
,,
,,
,,
,,
,,
,,
,,
,,
,,
,,
,,
,,
,,
,,
,,
,,
,,
,,
,,
,,
,,
,,
,,
,,
,,
,,
,,
,,
,,
,,
,,
,,
,,
,,
,,
,,
,,
,,
,,
,,
,,
,,
,,
,,
,,
,,
,,
,,
,,
,,
,,
,,
,,
,,
,,
,,
,,
,,
,,
,,
,,
,,
,,
,,
,,
,,
,,
,,
,,
,,
,,
,,
,,
,,
,,
,,
,,
,,
,,
,,
,,
,,
,,
,,
,,
,,
,,
,,
,,
,,
,,
,,
,,
,,
,,
,,
,,
,,
,,
,,
,,
,,
,,
,,
,,
,,
,,
,,
,,
,,
,,
,,
,,
,,
,,
,,
,,
,,
,,
,,
,,
,,
,,
,,
,,
,,
,,
,,
,,
,,
,,
,,
,,
,,
,,
,,
,,
,,
,,
,,
,,
,,
,,
,,
,,
,,
,,
,,
,,
,,
,,
,,
,,
,,
,,
,,
,,
,,
,,
,,
,,
,,
,,
,,
,,
,,
,,
,,
,,
,,
,,
,,
,,
,,
,,
,,
,,
,,
,,
,,
,,
,,
,,
,,
,,
,,
,,
,,
,,
,,
,,
,,
,,
,,
,,
,,
,,
,,
,,
,,
,,
,,
,,
,,
,,
,,
,,
,,
,,
,,
,,
,,
,,
,,
,,
,,
,,
,,
,,
,,
,,
,,
,,
,,
,,
,,
,,
,,
,,
,,
,,
,,
,,
,,
,,
,,
,,
,,
,,
,,
,,
,,
,,
,,
,,
,,
,,
,,
,,
,,
,,
,,
,,
,,
,,
,,
,,
,,
,,
,,
,,
,,
,,
,,
,,
,,
,,
,,
,,
,,
,,
,,
,,
,,
,,
,,
,,
,,
,,
,,
,,
,,
,,
,,
,,
,,
,,
,,
,,
,,
,,
,,
,,
,,
,,
,,
,,
,,
,,
,,
,,
,,
,,
,,
,,
,,
,,
,,
,,
,,
,,
,,
,,
,,
,,
,,
,,
,,
,,
,,
,,
,,
,,
,,
,,
,,
,,
,,
,,
,,
,,
,,
,,
,,
,,
,,
,,
,,
,,
,,
,,
,,
,,
,,
,,
,,
,,
,,
,,
,,
,,
,,
,,
,,
,,
,,
,,
,,
,,
,,
,,
,,
,,
,,
,,
,,
,,
,,
,,
,,
,,
,,
,,
,,
,,
,,
,,
,,
,,
,,
,,
,,
,,
,,
,,
,,
,,
,,
,,
,,
,,
,,
,,
,,
,,
,,
,,
,,
,,
,,
,,
,,
,,
,,
,,
,,
,,
,,
,,
,,
,,
,,
,,
,,
,,
,,
,,
,,
,,
,,
,,
,,
,,
,,
,,
,,
,,
,,
,,
,,
,,
,,
,,
,,
,,
,,
,,
,,
,,
,,
,,
,,
,,
,,
,,
,,
,,
,,
,,
,,
,,
,,
,,
,,
,,
,,
,,
,,
,,
,,
,,
,,
,,
,,
,,
,,
,,
,,
,,
,,
,,
,,
,,
,,
,,
,,
,,
,,
,,
,,
,,
,,
,,
,,
,,
,,
,,
,,
,,
,,
,,
,,
,,
,,
,,
,,
,,
,,
,,
,,
,,
,,
,,
,,
,,
,,
,,
,,
,,
,,
,,
,,
,,
,,
,,
,,
,,
,,
,,
,,
,,
,,
,,
,,
,,
,,
,,
,,
,,
,,
,,
,,
,,
,,
,,
,,
,,
,,
,,
,,
,,
,,
,,
,,
,,
,,
,,
,,
,,
,,
,,
,,
,,
,,
,,
,,
,,
,,
,,
,,
,,
,,
,,
,,
,,
,,
,,
,,
,,
,,
,,
,,
,,
,,
,,
,,
,,
,,
,,
,,
,,
,,
,,
,,
,,
,,
,,
,,
,,
,,
,,
,,
,,
,,
,,
,,
,,
,,
,,
,,
,,
,,
,,
,,
,,
,,
,,
,,
,,
,,
,,
,,
,,
,,
,,
,,
,,
,,
,,
,,
,,
,,
,,
,,
,,
,,
,,
,,
,,
,,
,,
,,
,,
,,
,,
,,
,,
,,
,,
,,
,,
,,
,,
,,
,,
,,
,,
,,
,,
,,
,,
,,
,,
,,
,,
,,
,,
,,
,,
,,
,,
,,
,,
,,
,,
,,
,,
,,
,,
,,
,,
,,
,,
,,
,,
,,
,,
,,
,,
,,
,,
,,
,,
,,
,,
,,
,,
,,
,,
,,
,,
,,
,,
,,
,,
,,
,,
,,
,,
,,
,,
,,
,,
,,
,,
,,
,,
,,
,,
,,
,,
,,
,,
,,
,,
,,
,,
,,
,,
,,
,,
,,
,,
,,
,,
,,
,,
,,
,,
,,
,,
,,
,,
,,
,,
,,
,,
,,
,,
,,
,,
,,
,,
,,
,,
,,
,,
,,
,,
,,
,,
,,
,,
,,
,,
,,
,,
,,
,,
,,
,,
,,
,,
,,
,,
,,
,,
,,
,,
,,
,,
,,
,,
,,
,,
,,
,,
,,
,,
,,
,,
,,
,,
,,
,,
,,
,,
,,
,,
,,
,,
,,
,,
,,
,,
,,
,,
,,
,,
,,
,,
,,
,,
,,
,,
,,
,,
,,
,,
,,
,,
,,
,,
,,
,,
,,
,,
,,
,,
,,
,,
,,
,,
,,
,,
,,
,,
,,
,,
,,
,,
,,
,,
,,
,,
,,
,,
,,
,,
,,
,,
,,
,,
,,
,,
,,
,,
,,
,,
,,
,,
,,
,,
,,
,,
,,
,,
,,
,,
,,
,,
,,
,,
,,
,,
,,
,,
,,
,,
,,
,,
,,
,,
,,
,,
,,
,,
,,
,,
,,
,,
,,
,,
,,
,,
,,
,,
,,
,,
,,
,,
,,
,,
,,
,,
,,
,,
,,
,,
,,
,,
,,
,,
,,
,,
,,
,,
,,
,,
,,
,,
,,
,,
,,
,,
,,
,,
,,
,,
,,
,,
,,
,,
,,
,,
,,
,,
,,
,,
,,
,,
,,
,,
,,
,,
,,
,,
,,
,,
,,
,,
,,
,,
,,
,,
,,
,,
,,
,,
,,
,,
,,
,,
,,
,,
,,
,,
,,
,,
,,
,,
,,
,,
,,
,,
,,
,,
,,
,,
,,
,,
,,
,,
,,
,,
,,
,,
,,
,,
,,
,,
,,
,,
,,
,,
,,
,,
,,
,,
,,
,,
,,
,,
,,
,,
,,
,,
,,
,,
,,
,,
,,
,,
,,
,,
,,
,,
,,
,,
,,
,,
,,
,,
,,
,,
,,
,,
,,
,,
,,
,,
,,
,,
,,
,,
,,
,,
,,
,,
,,
,,
,,
,,
,,
,,
,,
,,
,,
,,
,,
,,
,,
,,
,,
,,
,,
,,
,,
,,
,,
,,
,,
,,
,,
,,
,,
,,
,,
,,
,,
,,
,,
,,
,,
,,
,,
,,
,,
,,
,,
,,
,,
,,
,,
,,
,,
,,
,,
,,
,,
,,
,,
,,
,,
,,
,,
,,
,,
,,
,,
,,
,,
,,
,,
,,
,,
,,
,,
,,
,,
,,
,,
,,
,,
,,
,,
,,
,,
,,
,,
,,
,,
,,
,,
,,
,,
,,
,,
,,
,,
,,
,,
,,
,,
,,
,,
,,
,,
,,
,,
,,
,,
,,
,,
,,
,,
,,
,,
,,
,,
,,
,,
,,
,,
,,
,,
,,
,,
,,
,,
,,
,,
,,
,,
,,
,,
,,
,,
,,
,,
,,
,,
,,
,,
,,
,,
,,
,,
,,
,,
,,
,,
,,
,,
,,
,,
,,
,,
,,
,,
,,
,,
,,
,,
,,
,,
,,
,,
,,
,,
,,
,,
,,
,,
,,
,,
,,
,,
,,
,,
,,
,,
,,
,,
,,
,,
,,
,,
,,
,,
,,
,,
,,
,,
,,
,,
,,
,,
,,
,,
,,
,,
,,
,,
,,
,,
,,
,,
,,
,,
,,
,,
,,
,,
,,
,,
,,
,,
,,
,,
,,
,,
,,
,,
,,
,,
,,
,,
,,
,,
,,
,,
,,
,,
,,
,,
,,
,,
,,
,,
,,
,,
,,
,,
,,
,,
,,
,,
,,
,,
,,
,,
,,
,,
,,
,,
,,
,,
,,
,,
,,
,,
,,
,,
,,
,,
,,
,,
,,
,,
,,
,,
,,
,,
,,
,,
,,
,,
,,
,,
,,
,,
,,
,,
,,
,,
,,
,,
,,
,,
,,
,,
,,
,,
,,
,,
,,
,,
,,
,,
,,
,,
,,
,,
,,
,,
,,
,,
,,
,,
,,
,,
,,
,,
,,
,,
,,
,,
,,
,,
,,
,,
,,
,,
,,
,,
,,
,,
,,
,,
,,
,,
,,
,,
,,
,,
,,
,,
,,
,,
,,
,,
,,
,,
,,
,,
,,
,,
,,
,,
,,
,,
,,
,,
,,
,,
,,
,,
,,
,,
,,
,,
,,
,,
,,
,,
,,
,,
,,
,,
,,
,,
,,
,,
,,
,,
,,
,,
,,
,,
,,
,,
,,
,,
,,
,,
,,
,,
,,
,,
,,
,,
,,
,,
,,
,,
,,
,,
,,
,,
,,
,,
,,
,,
,,
,,
,,
,,
,,
,,
,,
,,
,,
,,
,,
,,
,,
,,
,,
,,
,,
,,
,,
,,
,,
,,
,,
,,
,,
,,
,,
,,
,,
,,
,,
,,
,,
,,
,,
,,
,,
,,
,,
,,
,,
,,
,,
,,
,,
,,
,,
,,
,,
,,
,,
,,
,,
,,
,,
,,
,,
,,
,,
,,
,,
,,
,,
,,
,,
,,
,,
,,
,,
,,
,,
,,
,,
,,
,,
,,
,,
,,
,,
,,
,,
,,
,,
,,
,,
,,
,,
,,
,,
,,
,,
,,
,,
,,
,,
,,
,,
,,
,,
,,
,,
,,
,,
,,
,,
,,
,,
,,
,,
,,
,,
,,
,,
,,
,,
,,
,,
,,
,,
,,
,,
,,
,,
,,
,,
,,
,,
,,
,,
,,
,,
,,
,,
,,
,,
,,
,,
,,
,,
,,
,,
,,
,,
,,
,,
,,
,,
,,
,,
,,
,,
,,
,,
,,
,,
,,
,,
,,
,,
,,
,,
,,
,,
,,
,,
,,
,,
,,
,,
,,
,,
,,
,,
,,
,,
,,
,,
,,
,,
,,
,,
,,
,,
,,
,,
,,
,,
,,
,,
,,
,,
,,
,,
,,
,,
,,
,,
,,
,,
,,
,,
,,
,,
,,
,,
,,
,,
,,
,,
,,
,,
,,
,,
,,
,,
,,
,,
,,
,,
,,
,,
,,
,,
,,
,,
,,
,,
,,
,,
,,
,,
,,
,,
,,
,,
,,
,,
,,
,,
,,
,,
,,
,,
,,
,,
,,
,,
,,
,,
,,
,,
,,
,,
,,
,,
,,
,,
,,
,,
,,
,,
,,
,,
,,
,,
,,
,,
,,
,,
,,
,,
,,
,,
,,
,,
,,
,,
,,
,,
,,
,,
,,
,,
,,
,,
,,
,,
,,
,,
,,
,,
,,
,,
,,
,,
,,
,,
,,
,,
,,
,,
,,
,,
,,
,,
,,
,,
,,
,,
,,
,,
,,
,,
,,
,,
,,
,,
,,
,,
,,
,,
,,
,,
,,
,,
,,
,,
,,
,,
,,
,,
,,
,,
,,
,,
,,
,,
,,
,,
,,
,,
,,
,,
,,
,,
,,
,,
,,
,,
,,
,,
,,
,,
,,
,,
,,
,,
,,
,,
,,
,,
,,
,,
,,
,,
,,
,,
,,
,,
,,
,,
,,
,,
,,
,,
,,
,,
,,
,,
,,
,,
,,
,,
,,
,,
,,
,,
,,
,,
,,
,,
,,
,,
,,
,,
,,
,,
,,
,,
,,
,,
,,
,,
,,
,,
,,
,,
,,
,,
,,
,,
,,
,,
,,
,,
,,
,,
,,
,,
,,
,,
,,
,,
,,
,,
,,
,,
,,
,,
,,
,,
,,
,,
,,
,,
,,
,,
,,
,,
,,
,,
,,
,,
,,
,,
,,
,,
,,
,,
,,
,,
,,
,,
,,
,,
,,
,,
,,
,,
,,
,,
,,
,,
,,
,,
,,
,,
,,
,,
,,
,,
,,
,,
,,
,,
,,
,,
,,
,,
,,
,,
,,
,,
,,
,,
,,
,,
,,
,,
,,
,,
,,
,,
,,
,,
,,
,,
,,
,,
,,
,,
,,
,,
,,
,,
,,
,,
,,
,,
,,
,,
,,
,,
,,
,,
,,
,,
,,
,,
,,
,,
,,
,,
,,
,,
,,
,,
,,
,,
,,
,,
,,
,,
,,
,,
,,
,,
,,
,,
,,
,,
,,
,,
,,
,,
,,
,,
,,
,,
,,
,,
,,
,,
,,
,,
,,
,,
,,
,,
,,
,,
,,
,,
,,
,,
,,
,,
,,
,,
,,
,,
,,
,,
,,
,,
,,
,,
,,
,,
,,
,,
,,
,,
,,
,,
,,
,,
,,
,,
,,
,,
,,
,,
,,
,,
,,
,,
,,
,,
,,
,,
,,
,,
,,
,,
,,
,,
,,
,,
,,
,,
,,
,,
,,
,,
,,
,,
,,
,,
,,
,,
,,
,,
,,
,,
,,
,,
,,
,,
,,
,,
,,
,,
,,
,,
,,
,,
,,
,,
,,
,,
,,
,,
,,
,,
,,
,,
,,
,,
,,
,,
,,
,,
,,
,,
,,
,,
,,
,,
,,
,,
,,
,,
,,
,,
,,
,,
,,
,,
,,
,,
,,
,,
,,
,,
,,
,,
,,
,,
,,
,,
,,
,,
,,
,,
,,
,,
,,
,,
,,
,,
,,
,,
,,
,,
,,
,,
,,
,,
,,
,,
,,
,,
,,
,,
,,
,,
,,
,,
,,
,,
,,
,,
,,
,,
,,
,,
,,
,,
,,
,,
,,
,,
,,
,,
,,
,,
,,
,,
,,
,,
,,
,,
,,
,,
,,
,,
,,
,,
,,
,,
,,
,,
,,
,,
,,
,,
,,
,,
,,
,,
,,
,,
,,
,,
,,
,,
,,
,,
,,
,,
,,
,,
,,
,,
,,
,,
,,
,,
,,
,,
,,
,,
,,
,,
,,
,,
,,
,,
,,
,,
,,
,,
,,
,,
,,
,,
,,
,,
,,
,,
,,
,,
,,
,,
,,
,,
,,
,,
,,
,,
,,
,,
,,
,,
,,
,,
,,
,,
,,
,,
,,
,,
,,
,,
,,
,,
,,
,,
,,
,,
,,
,,
,,
,,
,,
,,
,,
,,
,,
,,
,,
,,
,,
,,
,,
,,
,,
,,
,,
,,
,,
,,
,,
,,
,,
,,
,,
,,
,,
,,
,,
,,
,,
,,
,,
,,
,,
,,
,,
,,
,,
,,
,,
,,
,,
,,
,,
,,
,,
,,
,,
,,
,,
,,
,,
,,
,,
,,
,,
,,
,,
,,
,,
,,
,,
,,
,,
,,
,,
,,
,,
,,
,,
,,
,,
,,
,,
,,
